"","F01.21.GEL","F01.21.WAT","F04.21.GEL","F04.21.WAT","WSt1.1A.04.GEL","WSt1.1A.COR","WSt1.WMS","WSt2.1A.05.GEL","WSt2.1C.COR","WSt3.1A.06.GEL","WSt3.2C.COR","WSt3.WMS"
"ASV166",0.00699567540066141,0,0,0,0,0.0136922176711527,0.00488665671236596,0.0452007444828503,0,0,0,0
"ASV829",0,0,0.00596347372344391,0,0,0,0,0,0,0,0,0
"ASV339",0,0,0,0,0,0,0,0,0,0,0.0193329668315925,0
"ASV837",0,0,0.00782705926202013,0,0,0,0,0.00531773464504121,0.00422042686603159,0,0,0
"ASV608",0,0,0.0106224375698845,0,0,0,0,0,0,0,0,0
"ASV148",0,0,0,0,0,0,0,0,0.0168817074641264,0.0181924028525688,0,0.00636205899363794
"ASV438",0,0,0,0,0,0,0,0,0,0,0,0.0202429149797571
"ASV470",0,0,0,0,0,0,0,0,0,0.00873235336923301,0,0
"ASV192",0,0,0,0,0.0134350816852966,0,0,0,0,0,0.0407733186732637,0.00370156159629844
"ASV29",0,0,0,0.0170657157412124,0,0,0,0,0,0,0,0
"ASV1102",0,0,0,0,0,0,0,0.000797660196756182,0,0,0,0
"ASV405",0,0,0.0173313455087589,0,0,0.0108835576360445,0.019275145920999,0,0,0,0,0
"ASV485",0,0,0,0,0,0,0,0,0,0.00887789259205356,0,0
"ASV324",0,0,0,0,0,0,0,0,0,0.0107699024887207,0,0
"ASV800",0,0,0.00307491613865076,0,0,0,0,0,0,0,0.00522264980758659,0
"ASV72",0,0,0,0,0.0133276010318143,0,0,0,0,0,0,0
"ASV65",0,0,0,0,0,0,0,0,0.00880260460629446,0,0,0
"ASV628",0,0,0,0,0,0,0,0,0,0,0.00962067069818582,0
"ASV67",0,0.0382205513784461,0,0.0272542027508915,0,0,0,0,0,0,0,0
"ASV611",0,0,0,0,0,0,0.0158816343151894,0,0,0,0,0
"ASV329",0,0.0145676691729323,0,0,0,0,0,0,0,0,0,0
"ASV409",0,0,0,0,0,0,0,0.0247274660994416,0,0,0,0
"ASV560",0,0,0,0,0.0139724849527085,0,0.0077372064612461,0,0,0,0.00366501740883269,0
"ASV216",0.0150089035868736,0,0.0262765560939247,0,0,0,0,0.0227333156075512,0,0,0,0
"ASV468",0.0155176799796489,0,0,0,0,0,0,0.0138261100771072,0,0.00756803958666861,0,0.0124927703875072
"ASV275",0,0,0,0,0,0,0,0,0.0270107319426022,0,0,0
"ASV719",0,0,0,0,0,0,0,0,0.018569878210539,0,0,0
"ASV18",0,0,0,0,0,0,0,0,0.0110936934764259,0,0.0276708814366868,0
"ASV11",0,0,0,0.0258532857870606,0,0,0,0,0,0,0,0
"ASV73",0,0,0,0,0.00451418744625967,0,0,0,0,0,0,0
"ASV656",0,0,0,0,0,0,0,0,0,0.0104788240430796,0,0
"ASV116",0,0,0,0,0,0.00210649502633119,0,0.0146237702738633,0,0.00916897103769466,0,0
"ASV1020",0.00356143474942763,0,0,0,0,0,0,0.00172826375963839,0,0,0,0
"ASV493",0,0,0,0.0196128374936322,0,0,0,0,0,0,0,0
"ASV381",0,0,0,0.0245797249108507,0,0,0,0,0,0,0,0
"ASV445",0,0,0,0,0,0,0,0.0228662589736772,0,0,0,0
"ASV102",0,0,0,0,0.0195614789337919,0,0,0.0507843658601436,0,0.0416242177266773,0,0
"ASV453",0,0,0,0,0,0,0.0099090538889643,0,0,0,0.0154846985523181,0
"ASV1023",0,0,0,0,0,0.00304271503803394,0,0,0,0,0,0
"ASV1027",0,0,0,0,0,0,0,0.00372241425152885,0,0,0,0
"ASV655",0,0,0,0,0,0,0,0,0,0,0.00943741982774418,0
"ASV258",0,0,0,0,0,0.0146284376828555,0.0342065969865617,0,0,0,0,0
"ASV577",0,0,0,0,0,0,0,0,0,0,0.00613890415979476,0
"ASV599",0.00559654032052913,0,0.025624301155423,0,0,0,0,0,0.0133847823465573,0,0,0.00358588779641411
"ASV607",0.00941236326634444,0,0,0,0,0,0,0,0,0,0,0
"ASV295",0,0,0.00670890793887439,0,0,0,0,0,0,0,0,0
"ASV188",0,0,0.0278606038017145,0,0,0,0,0,0,0,0,0
"ASV1013",0,0,0,0,0.0032244196044712,0,0,0,0,0,0,0
"ASV207",0,0,0,0,0.00849097162510748,0,0,0,0,0,0,0
"ASV604",0,0.0144110275689223,0,0.0150280183392766,0,0,0,0,0,0,0,0
"ASV92",0,0,0,0,0,0,0,0.0505184791278915,0,0,0,0
"ASV767",0,0,0,0,0,0,0,0,0,0,0,0.00867553499132447
"ASV594",0,0,0.0111815132314573,0,0,0,0,0,0,0,0,0
"ASV89",0.00597812261511066,0,0.0375512486023108,0,0,0.0368636629607958,0,0,0.0379838417942843,0,0,0
"ASV126",0.0303993894683287,0,0.0153745806932538,0,0,0,0,0,0,0,0,0
"ASV113",0,0.0493421052631579,0,0,0,0,0,0,0,0,0,0
"ASV214",0,0.0164473684210526,0,0.0360417727967397,0,0,0,0,0,0,0,0
"ASV54",0.0756804884253371,0,0.0841408870667164,0,0.0986672398968186,0.0415447630193095,0.0852450115379395,0.0720553044403084,0.0678885807307368,0.0218308834230825,0.152647975077882,0.149450549450549
"ASV242",0,0,0,0,0.019883920894239,0,0,0,0,0,0.0238226131574125,0
"ASV725",0,0,0,0,0,0,0,0,0,0,0.00256551218618288,0
"ASV59",0,0,0.01332463660082,0,0.00386930352536543,0,0,0,0,0,0,0
"ASV308",0,0,0,0,0,0,0,0,0.0267695646931147,0,0,0
"ASV431",0.0123378275248028,0,0.00857249347745061,0,0,0,0,0,0,0,0,0
"ASV46",0.0311625540574917,0,0.0186358553857622,0,0,0,0,0,0,0,0,0.0333140543666859
"ASV796",0.0031798524548461,0,0,0,0,0.00819192510239906,0.00909461110356997,0.00518479127891518,0,0,0.00329851566794942,0
"ASV827",0,0,0,0,0,0,0,0,0,0,0.00595565328935312,0
"ASV331",0,0,0.0108087961237421,0,0,0,0,0,0,0,0,0
"ASV913",0,0,0,0,0,0,0,0,0.00229108887013144,0,0,0
"ASV22",0.0072500635970491,0,0.0149086843086098,0,0.00634135855546002,0.112814511410181,0.0593185828695534,0,0.0957433980465453,0.01586377528744,0.0224482316291002,0.0225563909774436
"ASV370",0,0,0,0,0.00752364574376612,0,0,0,0,0,0,0
"ASV217",0,0,0.0262765560939247,0,0,0,0,0,0.00687326661039431,0,0,0
"ASV956",0,0,0,0,0,0.00339379754242247,0,0,0,0,0,0
"ASV718",0,0,0,0,0,0,0,0,0,0,0.00192413413963716,0
"ASV371",0,0,0.00959746552366754,0,0,0,0,0,0,0,0,0
"ASV552",0,0.00344611528822055,0,0.0166836474783495,0,0,0,0,0,0,0,0
"ASV153",0,0.0596804511278195,0,0.0226693835965359,0,0,0,0,0,0,0,0
"ASV478",0,0,0.0041930674617965,0,0,0,0,0,0,0,0,0
"ASV33",0.0293818366827779,0,0,0,0.0343938091143594,0.0485664131070802,0.0609474684403421,0.0866790747141718,0.00602918123718799,0,0.0269378779549203,0.0513591671486408
"ASV450",0.0115746629356398,0,0,0,0,0,0,0,0,0,0,0
"ASV1028",0,0,0,0,0,0,0,0,0,0,0.00256551218618288,0
"ASV244",0.00699567540066141,0,0.0104360790160268,0,0,0,0,0,0,0,0,0
"ASV676",0,0,0,0,0,0,0,0,0.00602918123718799,0,0,0
"ASV537",0,0.0217731829573935,0,0,0,0,0,0,0,0,0,0
"ASV8",0.0531671330450267,0,0.0283265001863586,0,0.071152192605331,0,0,0,0,0,0.0480117280557083,0.0260266049739734
"ASV231",0,0,0.0315877748788669,0,0,0,0,0,0,0,0.0147516950705516,0
"ASV657",0,0,0,0,0,0.0119368051492101,0.00393647346273924,0,0,0,0,0
"ASV253",0,0,0,0,0.00236457437661221,0,0.021718474277182,0.00558362137729327,0,0,0.00375664284405351,0
"ASV1059",0,0,0,0,0,0,0,0,0,0,0,0.00254482359745518
"ASV686",0,0,0.0177972418934029,0,0,0,0,0,0,0,0,0
"ASV311",0,0,0.00139768915393217,0,0.00107480653482373,0,0,0,0,0,0.0116364302730438,0
"ASV241",0,0,0.01332463660082,0,0,0,0,0,0,0,0,0
"ASV100",0,0,0,0.0189760570555273,0,0,0,0,0,0,0,0
"ASV82",0,0.0407268170426065,0,0.0455934793683138,0,0,0,0,0,0,0,0
"ASV544",0,0,0,0,0,0.00737273259215916,0,0.0119649029513427,0.0132641987218136,0,0,0
"ASV606",0,0,0,0,0,0,0.0160173747794217,0,0,0,0,0
"ASV458",0,0,0,0,0,0,0,0,0,0,0.0153014476818765,0
"ASV1026",0,0,0,0,0,0,0,0.00372241425152885,0,0,0,0
"ASV129",0,0.031484962406015,0,0.0150280183392766,0,0,0,0,0.00108525262269384,0,0,0.00520532099479468
"ASV122",0,0,0.0190085724934775,0,0.0153697334479794,0,0,0.0635469290082425,0,0.0400232862756513,0,0
"ASV104",0.0482065632154668,0,0,0,0,0,0,0,0,0,0,0
"ASV808",0.00178071737471381,0,0,0,0,0,0,0,0,0,0,0.00312319259687681
"ASV382",0,0,0,0.0376974019358125,0,0,0,0,0,0,0,0
"ASV766",0,0,0,0,0.00795356835769562,0,0,0,0,0,0.0068719076415613,0
"ASV98",0.0460442635461715,0,0.00614983227730153,0,0,0,0,0,0,0,0,0
"ASV732",0,0,0,0,0,0,0,0.00491890454666312,0,0,0,0
"ASV1051",0,0,0,0,0,0.00269163253364541,0,0,0,0,0,0
"ASV299",0,0.0238095238095238,0,0.0187213448802853,0,0,0,0,0,0,0,0
"ASV333",0.00852200457898753,0,0,0,0,0,0,0.0113001861207126,0,0,0,0
"ASV592",0,0,0,0,0.0130051590713672,0,0,0,0,0,0,0
"ASV882",0,0,0,0,0,0.00631948507899356,0,0,0,0,0,0
"ASV536",0,0,0,0,0,0,0,0,0,0.020375491194877,0,0
"ASV397",0,0,0,0,0,0,0,0,0.0227903050765706,0,0,0
"ASV237",0,0,0,0,0,0.0197776477472206,0,0,0,0.0212487265318003,0.0251969946857248,0
"ASV1085",0.00190791147290766,0,0,0,0,0,0,0,0,0,0,0
"ASV894",0.00661409310607988,0,0,0,0,0,0,0,0,0,0,0
"ASV193",0,0.0291353383458647,0,0,0,0,0,0,0,0,0,0
"ASV263",0,0,0,0,0,0,0,0,0.03014590618594,0,0,0
"ASV520",0,0,0,0,0,0.0170860152135752,0,0,0,0,0,0
"ASV164",0,0,0.0293514722325755,0,0,0,0,0,0,0,0,0
"ASV757",0,0,0,0,0.00526655202063629,0,0,0,0,0,0,0
"ASV997",0,0,0,0,0,0,0,0,0,0,0,0.00393290919606709
"ASV110",0,0,0,0,0,0,0.0226686575268087,0,0,0,0,0.0238288027761712
"ASV870",0,0,0,0,0,0,0.00760146599701371,0,0,0,0,0
"ASV967",0.00470618163317222,0,0,0,0,0,0,0,0,0,0,0
"ASV714",0,0,0.0033544539694372,0,0,0.0102984201287303,0,0.00518479127891518,0,0,0.00155763239875389,0
"ASV543",0,0,0,0,0.00537403267411866,0,0,0,0.0143494513445074,0,0,0.00543666859456333
"ASV502",0,0,0,0,0.00838349097162511,0,0,0.0199415049189045,0,0,0,0
"ASV459",0,0,0.0154677599701826,0,0,0,0,0,0,0,0,0
"ASV820",0,0,0,0,0,0,0,0,0,0,0,0.00763447079236553
"ASV400",0,0,0,0,0,0.00819192510239906,0,0,0,0,0,0
"ASV923",0,0,0,0,0,0,0,0,0.00108525262269384,0.00654926502692476,0,0
"ASV27",0,0,0,0,0.0117153912295787,0.00994733762434172,0,0,0,0,0,0
"ASV326",0,0,0,0,0,0.00550029256875366,0,0,0,0,0.0197910940076965,0
"ASV551",0.00750445179343678,0,0,0,0,0,0,0,0.0159170384661763,0,0,0
"ASV626",0,0,0,0.0140091696383087,0,0,0,0,0,0,0,0
"ASV204",0.013864156703129,0,0.0194744688781215,0,0,0,0,0,0,0,0,0
"ASV178",0,0.0255325814536341,0,0.0388436067244014,0,0,0,0,0,0,0,0
"ASV622",0,0,0,0,0,0.00456407255705091,0.00515813764083073,0,0,0,0,0
"ASV603",0,0.018483709273183,0,0,0,0,0,0,0,0,0,0
"ASV936",0,0,0,0,0,0,0,0,0.00518509586398167,0,0,0
"ASV477",0,0,0,0,0,0,0,0.00252592395639458,0,0,0,0
"ASV776",0,0,0,0,0,0,0,0,0,0,0.00678028220634048,0
"ASV357",0.00623251081149835,0,0,0,0,0,0,0,0,0,0,0
"ASV388",0,0.0222431077694236,0,0,0,0,0,0,0,0,0,0
"ASV833",0,0,0,0,0,0,0,0,0,0,0.00586402785413231,0
"ASV793",0.000890358687356907,0,0,0,0,0,0,0,0,0,0,0
"ASV640",0,0,0.00987700335445397,0,0,0,0,0,0,0,0,0
"ASV583",0,0,0,0,0,0,0,0,0.00325575786808151,0.0180468636297482,0,0.00300751879699248
"ASV682",0,0,0,0.0122261844116149,0,0,0,0,0,0,0,0
"ASV1000",0,0,0,0,0,0,0,0,0.00397925961654407,0,0,0
"ASV160",0.0287458661918087,0,0,0,0,0,0.0249762454187593,0,0.0142288677197637,0,0.0307861462341946,0.0134181607865818
"ASV572",0,0,0,0,0,0,0.0138455273517035,0,0,0,0,0
"ASV69",0.008140422284406,0,0,0,0.00902837489251935,0,0,0.013028449880351,0,0.0330374035802649,0,0
"ASV989",0,0,0,0,0,0,0.00475091624813357,0,0,0,0,0
"ASV74",0.00330704655303994,0,0.00838613492359299,0,0.0210662080825451,0.0111176126389702,0,0.000265886732252061,0,0,0.00998717243906909,0.0621168305378832
"ASV1018",0,0,0,0,0.00311693895098882,0,0,0,0,0,0,0
"ASV79",0,0.0112781954887218,0.0908497950055908,0,0.0103181427343078,0,0,0,0,0,0,0
"ASV78",0,0,0,0,0,0,0,0,0.00337634149282527,0,0,0
"ASV755",0,0,0,0.00967906265919511,0,0,0,0,0,0,0,0
"ASV61",0,0,0,0,0,0,0.0279625356318719,0,0.0144700349692512,0.0347838742541115,0.0196078431372549,0.0549450549450549
"ASV440",0,0,0,0,0.0102106620808255,0,0,0,0,0,0,0
"ASV330",0,0,0,0.0178298522669384,0,0,0,0,0,0,0,0
"ASV1014",0,0,0,0,0,0,0,0,0,0,0,0.00347021399652979
"ASV1073",0,0,0,0,0,0.00222352252779403,0,0,0,0,0,0
"ASV835",0,0,0,0,0,0,0,0,0,0.00916897103769466,0,0
"ASV1075",0,0,0,0,0,0,0,0,0,0,0,0.0021978021978022
"ASV484",0,0,0,0,0,0,0,0,0,0,0.0144768187648891,0
"ASV965",0,0,0,0,0,0,0,0,0,0,0.00348176653839106,0
"ASV663",0,0,0,0,0,0,0,0,0,0,0.00320689023272861,0
"ASV710",0,0,0,0,0,0,0.0120809013166825,0,0,0,0,0
"ASV964",0,0,0,0,0,0.00105324751316559,0,0,0,0,0.000916254352208173,0
"ASV390",0,0,0.0177040626164741,0,0,0,0,0,0,0,0,0
"ASV593",0,0.018796992481203,0,0.0234335201222618,0,0,0,0,0,0,0,0
"ASV838",0,0,0,0,0,0,0,0,0,0,0.00668865677111966,0
"ASV527",0,0,0,0,0,0,0,0,0,0,0,0.0328513591671486
"ASV750",0,0,0,0,0,0,0,0,0,0.00422063746179595,0,0
"ASV689",0,0,0,0,0,0,0.00461517578390118,0,0,0,0,0
"ASV711",0.0111930806410583,0,0,0,0,0,0,0,0,0,0,0
"ASV119",0.0052149580259476,0,0,0,0,0,0,0,0,0,0,0
"ASV472",0.0204782498092089,0,0,0,0,0,0,0,0,0,0,0
"ASV358",0,0,0,0,0,0,0,0,0.0142288677197637,0,0.00641378046545721,0
"ASV301",0,0,0,0,0,0,0,0,0.0270107319426022,0,0,0.0187391555812608
"ASV294",0,0,0,0,0,0,0,0,0,0.0107699024887207,0,0
"ASV34",0,0,0,0,0,0,0,0,0.0200168817074641,0,0,0
"ASV171",0,0,0,0,0,0,0,0,0,0.0448260806287294,0,0
"ASV402",0,0,0,0,0,0,0.00556535903352789,0,0,0,0.0047645226314825,0.021283979178716
"ASV132",0,0,0,0,0.0180567497850387,0,0.0162888557078865,0.0127625631480989,0.0291812371879899,0,0,0.0290341237709659
"ASV40",0,0,0.0170518076779724,0,0,0,0,0,0,0,0,0
"ASV579",0.00508776392775375,0,0,0,0,0.0146284376828555,0.0119451608524501,0,0,0,0,0
"ASV21",0,0.0847431077694236,0,0.00840550178298523,0,0,0,0,0,0,0,0
"ASV812",0,0,0,0,0,0,0,0,0,0,0.00623052959501558,0
"ASV1004",0.00228949376748919,0,0,0,0.00343938091143594,0,0,0,0,0,0,0
"ASV418",0.012210633426609,0,0,0,0,0,0,0,0,0,0,0
"ASV674",0,0,0,0,0,0.0114686951433587,0,0,0,0,0,0
"ASV423",0,0.0281954887218045,0,0,0,0,0,0,0,0,0,0
"ASV224",0,0,0,0,0,0.00784084259801053,0,0,0.0113348607259134,0,0,0
"ASV238",0.0223861612821165,0,0.0230152814014163,0.022159959246052,0.0140799656061909,0.00339379754242247,0,0,0,0,0,0.0145748987854251
"ASV557",0,0,0,0,0,0,0,0,0,0.00509387279871925,0,0
"ASV881",0,0,0,0,0,0,0.00461517578390118,0,0,0,0,0
"ASV907",0,0,0,0.00611309220580744,0,0,0,0,0,0,0,0
"ASV920",0,0,0,0,0,0.00538326506729081,0,0,0,0.0023286275651288,0,0
"ASV338",0,0,0.00866567275437943,0,0,0,0,0,0,0,0,0
"ASV94",0,0,0,0,0,0,0,0,0.0104907753527071,0,0,0
"ASV220",0.0172983973543628,0,0,0,0,0,0,0,0,0.0401688254984718,0,0
"ASV921",0,0,0,0,0,0,0,0.00611539484179739,0,0,0,0
"ASV327",0.0273467311116764,0,0,0,0,0,0.00203610696348582,0,0,0,0,0
"ASV142",0,0,0.0109019754006709,0,0,0,0,0,0,0,0,0
"ASV108",0,0,0,0,0,0,0,0,0,0.0049483335758987,0,0
"ASV981",0,0,0,0,0,0,0,0,0,0,0.00329851566794942,0
"ASV825",0,0,0.00456578456951174,0,0,0,0,0,0,0,0,0
"ASV910",0,0,0,0,0,0,0.00461517578390118,0,0,0,0,0
"ASV762",0,0,0,0,0,0,0,0,0,0.0110609809343618,0,0
"ASV6",0,0,0,0,0,0.067407840842598,0.00529387810506312,0,0.130109731098517,0,0.0363752977826645,0
"ASV345",0,0,0,0,0,0,0.0194108863852314,0,0,0,0.00650540590067803,0
"ASV282",0.0164080386670058,0,0,0,0,0,0,0.0695293804839139,0,0.0342017173628293,0,0
"ASV249",0,0,0,0,0,0,0,0,0,0.0283801484500073,0,0
"ASV587",0,0,0,0,0,0.0121708601521358,0,0,0,0,0,0.00543666859456333
"ASV125",0,0,0,0,0,0,0,0,0,0,0.00384826827927433,0
"ASV53",0,0,0,0,0,0.098888238736103,0,0,0,0,0,0
"ASV175",0,0,0,0,0.0104256233877902,0,0.0255192072756889,0,0.0184492945857953,0,0.00751328568810702,0
"ASV47",0.0648689900788603,0,0,0.0389709628120224,0.00505159071367154,0,0,0.0198085615527785,0,0,0.0269378779549203,0
"ASV783",0,0,0,0,0.00827601031814273,0,0,0,0,0,0,0
"ASV410",0,0.0292919799498747,0,0.0101884870096791,0,0,0,0,0,0,0,0
"ASV568",0,0,0,0,0,0.00819192510239906,0,0,0,0,0.0116364302730438,0
"ASV679",0,0,0,0,0.00773860705073087,0,0,0,0.00976727360424454,0,0.0100787978742899,0
"ASV849",0,0,0,0,0,0,0,0,0.00735560110936935,0,0,0
"ASV259",0.0274739252098703,0,0.0248788669399925,0,0.0177343078245916,0.00491515506143944,0.00393647346273924,0,0.0414807669118534,0.00305632367923155,0.00641378046545721,0
"ASV514",0,0,0,0,0,0.00573434757167934,0,0,0,0,0,0
"ASV612",0,0,0,0,0,0,0,0,0,0,0,0.0134181607865818
"ASV662",0,0,0.0093179276928811,0,0,0,0,0,0,0,0,0
"ASV19",0.0370134825744085,0,0.00745434215430488,0,0.0155846947549441,0,0.0242975430975974,0,0,0,0,0.0356275303643725
"ASV613",0,0,0.00913156913902348,0,0,0,0,0,0,0,0,0
"ASV1017",0,0,0,0,0.0016122098022356,0,0,0,0,0,0,0.00115673799884326
"ASV351",0,0,0,0,0,0,0,0,0.00723501748462559,0,0.0187832142202675,0.00983227299016773
"ASV841",0,0,0,0,0,0,0,0,0,0.00654926502692476,0,0
"ASV460",0,0,0,0,0.00462166809974205,0,0,0,0,0,0,0
"ASV675",0,0,0,0,0,0,0.013302565494774,0,0,0,0,0
"ASV313",0,0,0,0,0.0214961306964746,0,0.0298629021311253,0,0,0,0,0
"ASV180",0,0,0.0396943719716735,0.0152827305145186,0,0,0,0,0,0,0,0
"ASV436",0,0.0245927318295739,0,0,0,0,0,0,0,0,0,0
"ASV945",0.00432459933859069,0,0,0,0,0,0,0,0,0,0,0
"ASV58",0.0118290511320275,0,0,0,0.0271926053310404,0,0,0.0340335017282638,0.00651151573616303,0.0555959831174502,0,0
"ASV665",0.00330704655303994,0,0,0,0,0,0,0,0.00494392861449415,0,0,0
"ASV270",0,0,0,0,0,0,0.0261979095968508,0,0,0,0,0
"ASV147",0.00852200457898753,0.0260025062656642,0,0,0,0,0.00732998506854893,0,0,0,0,0
"ASV1094",0,0,0,0,0,0,0,0,0,0,0.00109950522264981,0
"ASV424",0,0,0,0.0229240957717779,0,0,0,0,0,0,0,0
"ASV871",0,0,0,0,0,0,0,0.0074448285030577,0,0,0,0
"ASV476",0,0,0.0149086843086098,0,0,0,0,0,0,0,0,0
"ASV804",0,0,0,0,0,0,0,0,0,0.0181924028525688,0,0
"ASV1057",0,0,0,0,0,0,0,0,0.00265283974436272,0,0,0
"ASV507",0,0,0,0,0,0,0,0,0,0,0.010536925050394,0
"ASV562",0,0,0,0,0,0,0,0,0,0.018774559743851,0,0
"ASV616",0,0,0,0.0368059093224656,0,0,0,0,0,0,0,0
"ASV947",0,0,0,0,0,0,0,0,0,0,0,0.00474262579525737
"ASV177",0,0,0,0,0.0148323301805675,0,0.0404506583412515,0,0,0,0,0
"ASV387",0,0,0,0,0,0.0362785254534816,0,0,0,0,0,0
"ASV384",0,0,0,0,0,0,0.019275145920999,0,0,0,0,0
"ASV346",0.0262019842279318,0,0,0,0,0,0,0,0,0,0,0
"ASV632",0,0,0,0,0.0117153912295787,0,0,0,0,0,0,0
"ASV866",0,0,0,0,0,0,0,0,0.00687326661039431,0,0,0
"ASV42",0.0171712032561689,0,0.0442601565411852,0,0.0299871023215821,0,0,0.0792342462111141,0,0.084121670790278,0,0
"ASV39",0,0.0170739348370927,0,0.0453387671930718,0,0,0,0,0,0,0,0
"ASV280",0,0.0369674185463659,0,0,0,0,0,0,0,0,0,0
"ASV704",0,0,0,0,0.00967325881341359,0,0,0,0,0,0,0
"ASV210",0,0,0,0,0,0,0,0,0.00494392861449415,0,0,0
"ASV1062",0,0,0,0,0,0,0,0,0,0.00305632367923155,0,0
"ASV819",0,0,0,0,0,0,0,0,0.00795851923308815,0,0,0
"ASV354",0,0,0,0,0,0,0,0,0.0018087543711564,0,0,0
"ASV181",0.0101755278555075,0,0,0,0,0,0,0,0,0,0,0
"ASV680",0,0.0150375939849624,0,0,0,0,0,0,0,0,0,0
"ASV736",0,0,0,0,0,0,0,0,0,0,0,0.00647773279352227
"ASV944",0,0,0,0,0,0,0,0,0,0,0.00238226131574125,0
"ASV650",0.0131009921139659,0,0,0,0,0,0,0,0,0,0,0
"ASV226",0,0,0.0379239657100261,0,0,0,0,0,0,0,0,0
"ASV262",0,0,0,0,0,0,0,0,0,0,0,0.0279930595720069
"ASV726",0,0,0,0,0,0,0,0,0,0,0.00778816199376947,0
"ASV43",0,0,0,0,0.0264402407566638,0,0.0604045065834125,0.0296463706461048,0,0.0359481880366759,0.0113615539673813,0
"ASV223",0,0,0,0,0.0225709372312984,0,0,0,0,0,0,0
"ASV961",0,0,0,0,0.00419174548581255,0,0,0,0,0,0,0
"ASV408",0,0,0,0,0.0176268271711092,0,0,0,0,0,0,0
"ASV535",0,0,0,0,0,0,0.0190036649925343,0.00398830098378091,0,0,0.012552684625252,0
"ASV743",0,0,0,0,0,0,0,0,0.00542626311346919,0,0,0
"ASV865",0,0,0,0,0,0,0,0.00757777186918373,0,0,0,0
"ASV349",0.00305265835665225,0,0,0,0,0,0,0.0273863334219622,0,0,0,0
"ASV602",0,0,0,0,0.0106405846947549,0.0139262726740784,0,0,0.0137465332207886,0,0,0
"ASV802",0,0,0,0,0,0,0,0.00704599840467961,0,0,0,0
"ASV417",0,0,0,0,0,0.0214160327677004,0,0,0,0,0,0
"ASV1061",0,0,0,0,0,0,0,0,0.00253225611961896,0,0,0
"ASV787",0,0,0,0,0,0,0,0.00957192236107418,0,0,0,0
"ASV26",0,0.0258458646616541,0,0.053998981151299,0,0,0,0,0,0,0,0
"ASV139",0.00597812261511066,0,0,0.0422822210901681,0.0365434221840069,0.0162668227033353,0,0.0380218027120447,0,0.00727696114102751,0,0
"ASV254",0,0,0,0,0,0.0146284376828555,0,0,0.0151935367177137,0,0.0074216602528862,0.00775014459224986
"ASV633",0,0,0,0,0,0,0,0,0,0,0,0.0126084441873916
"ASV693",0,0.00407268170426065,0,0,0,0,0,0,0,0,0,0
"ASV318",0,0.0324248120300752,0,0,0,0,0,0,0,0,0,0
"ASV3",0,0.0328947368421053,0,0.0210137544574631,0,0,0,0,0,0,0,0
"ASV437",0.0222589671839227,0,0,0,0,0,0,0,0,0,0,0
"ASV843",0,0.00955513784461153,0,0,0,0,0,0,0,0,0,0
"ASV561",0,0,0,0,0,0,0,0,0.015555287591945,0,0,0
"ASV966",0,0,0,0,0,0,0,0,0,0,0,0.0043956043956044
"ASV444",0,0,0,0,0,0.0201287302516091,0,0,0,0,0,0.00763447079236553
"ASV574",0,0,0,0,0,0,0,0,0.00349692511756903,0,0,0
"ASV434",0.0167896209615874,0,0,0,0,0,0,0,0,0,0,0
"ASV56",0,0,0,0,0,0,0,0,0,0.046572551302576,0,0
"ASV805",0.00864919867718138,0,0,0,0,0,0,0,0,0,0,0
"ASV929",0,0,0,0,0,0,0,0,0,0.00640372580410421,0,0
"ASV836",0,0,0.00577711516958628,0,0,0.00444704505558806,0,0,0,0,0,0
"ASV529",0,0,0,0,0,0,0.00936609203203475,0,0,0,0,0
"ASV285",0,0,0,0,0,0.0255119953188999,0.0154744129224922,0,0.00156758712166888,0,0.00623052959501558,0.022325043377675
"ASV567",0,0,0,0,0,0,0,0.0168838074980058,0,0,0,0
"ASV136",0,0,0.0309355199403653,0,0,0,0,0,0,0.0218308834230825,0,0
"ASV1052",0,0,0,0,0,0,0,0,0,0,0.0021073850100788,0
"ASV795",0,0,0.00316809541557958,0,0,0,0,0,0,0,0,0
"ASV596",0.0133553803103536,0,0,0,0,0,0,0,0.00614976486193175,0,0,0
"ASV525",0,0,0,0,0,0,0,0,0,0,0.00375664284405351,0
"ASV15",0,0,0,0,0.0209587274290628,0.00807489760093622,0,0.0110342993884605,0,0,0,0
"ASV580",0,0,0,0,0,0,0,0,0,0,0.0114531794026022,0
"ASV4",0,0.0960213032581454,0,0.0630412633723892,0,0,0,0,0,0,0,0
"ASV909",0,0,0,0,0,0,0,0,0.00422042686603159,0,0,0
"ASV788",0,0,0,0,0,0,0,0,0,0,0.00659703133589885,0
"ASV504",0,0,0,0,0,0,0,0,0,0.0107699024887207,0,0
"ASV600",0,0,0,0,0.0128976784178848,0,0,0,0,0,0,0
"ASV286",0,0,0,0,0.0121453138435082,0,0,0.0311087476734911,0,0.0253238247707757,0,0
"ASV777",0,0.0114348370927318,0,0,0,0,0,0,0,0,0,0
"ASV364",0.0092851691681506,0,0,0,0.00644883920894239,0,0,0,0,0,0,0
"ASV754",0,0,0,0,0,0,0,0,0,0,0.00705515851200293,0
"ASV265",0,0,0,0,0,0,0,0,0,0,0.0176837089976177,0.0288027761711972
"ASV291",0,0,0,0,0,0,0.00597258042622506,0,0,0,0,0.026604973973395
"ASV999",0.00139913508013228,0,0,0,0.00193465176268272,0,0,0.004387131082159,0.00325575786808151,0,0,0
"ASV752",0,0,0,0,0,0,0,0,0.00156758712166888,0,0,0
"ASV106",0,0,0,0,0.00978073946689596,0.0150965476887068,0.0263336500610832,0,0,0,0,0.0424522845575477
"ASV465",0,0,0,0,0,0,0,0,0,0,0.0151181968114349,0.010294968189705
"ASV336",0,0,0,0,0.0176268271711092,0,0,0,0,0.0213942657546209,0,0
"ASV342",0.00381582294581531,0,0,0,0.0200988822012038,0,0.015067191529795,0,0,0,0,0
"ASV649",0.00190791147290766,0,0,0,0.00537403267411866,0,0,0,0,0,0,0.00948525159051475
"ASV203",0,0,0,0,0.031384350816853,0.0169689877121123,0,0,0,0,0,0
"ASV199",0,0,0,0,0,0.0504388531304857,0.00407221392697163,0,0,0,0,0
"ASV515",0,0,0,0.0185939887926643,0,0,0,0,0,0,0,0
"ASV276",0,0,0,0,0,0,0,0,0,0,0,0.00647773279352227
"ASV396",0.0125922157211905,0,0,0,0,0.0221181977764775,0,0,0,0,0.00549752611324904,0
"ASV292",0,0,0,0,0,0.0121708601521358,0,0,0,0,0,0
"ASV77",0,0,0,0,0,0.00421299005266238,0.0196823673136962,0,0.0191727963342578,0,0.0252886201209456,0.0188548293811452
"ASV44",0,0,0,0,0,0,0,0,0.0501627878934041,0.0676757386115558,0.0227231079347627,0.0374783111625217
"ASV855",0,0,0,0,0,0,0,0,0,0,0.00430639545537841,0
"ASV383",0,0,0,0,0,0,0,0,0,0,0.00384826827927433,0
"ASV734",0,0,0,0,0.0088134135855546,0,0,0,0,0,0,0
"ASV155",0,0,0,0,0,0.00795787009947338,0,0,0,0.00756803958666861,0,0.0126084441873916
"ASV798",0,0,0,0,0,0,0,0,0,0,0.00641378046545721,0
"ASV475",0,0,0,0,0,0.0148624926857812,0,0,0,0,0.0147516950705516,0
"ASV366",0,0,0,0,0,0,0.00366499253427447,0,0,0,0,0
"ASV1089",0,0,0,0,0,0,0,0,0,0.00218308834230825,0,0
"ASV257",0,0,0,0,0,0.0121708601521358,0,0,0,0,0,0
"ASV901",0,0,0,0,0,0,0.00420795439120402,0,0,0,0.00467289719626168,0
"ASV828",0,0,0,0,0,0,0,0,0,0,0.00595565328935312,0.00242914979757085
"ASV296",0,0,0,0,0,0,0,0,0.00289400699385023,0,0,0
"ASV427",0.0226405494785042,0,0,0,0,0,0,0,0,0,0,0
"ASV235",0,0,0,0,0,0.0231714452896431,0.0359712230215827,0,0,0,0,0
"ASV218",0,0.0161340852130326,0,0.0359144167091187,0,0,0,0,0,0,0,0
"ASV720",0,0,0,0,0.00709372312983663,0,0,0,0,0.0126619123853879,0,0
"ASV284",0,0,0,0,0.0103181427343078,0,0,0,0,0,0,0
"ASV344",0,0.0325814536340852,0,0,0,0,0,0,0,0,0,0
"ASV151",0,0.0198934837092732,0,0.0255985736118186,0,0,0,0,0,0,0,0
"ASV528",0,0.0178571428571429,0,0.0180845644421803,0,0,0,0.00983780909332624,0,0,0,0
"ASV454",0,0,0,0.021268466632705,0,0,0,0,0,0,0,0
"ASV205",0,0,0,0,0,0,0,0,0,0.00654926502692476,0,0
"ASV624",0,0,0,0,0,0,0,0,0,0.0161548537330811,0,0
"ASV442",0.00470618163317222,0,0,0,0,0,0,0,0,0,0,0
"ASV208",0,0,0,0,0.0194539982803095,0,0.0389575132346953,0,0,0,0.00641378046545721,0
"ASV200",0,0,0,0.0371879775853286,0,0,0,0,0,0,0,0
"ASV187",0,0,0,0,0.0117153912295787,0,0,0.0118319595852167,0,0,0,0
"ASV774",0,0,0,0,0,0.00631948507899356,0.0100447943531967,0,0,0,0,0
"ASV356",0,0,0,0,0.0218185726569218,0,0,0,0,0,0,0
