"","SEnd.1A.02.WMS","SEnd.1B.05.WMS","SEnd.1C.04.WMS","SEnd.1C.06.WMS","SEnd.1D.07.WMS","SEnd.2C.04.WMS","SEnd.2C.06.WMS","SEnd.2D.05.WMS","SEnd.2D.07.WMS","SEnd.2D.09.WMS","SSt1.1A.COR","SSt1.1A.GEL","SSt1.WMS","SSt2.1B.COR","SSt2.1B.GEL","SSt2.WMS","SSt3.1C.COR","SSt3.1C.GEL","SSt3.WMS","SSt4.1D.COR","SSt4.1D.GEL","SSt4.WMS","SSt5.2C.COR","SSt5.2C.GEL","SSt5.WMS","SSt6.2D.COR","SSt6.2D.GEL","SSt6.WMS"
"ASV461",0,0,0,0.0153734288978913,0,0,0,0,0,0,0,0,0,0,0,0.0118188928478318,0,0,0,0,0,0,0,0,0.00846867749419954,0,0,0.00762016412661196
"ASV27",0,0,0,0,0,0,0,0,0,0,0.0343380981976383,0,0,0.0182504719949654,0,0.00147736160597897,0.0326589595375723,0,0,0.0630229659960833,0,0,0.0303554274735831,0.00467537987461481,0,0.064740615773935,0,0
"ASV471",0,0,0,0,0,0,0,0,0,0,0,0,0,0,0,0,0,0,0,0,0,0,0,0,0.0187935034802784,0,0,0
"ASV111",0,0,0,0,0,0,0,0,0,0,0,0.0183531746031746,0,0,0,0,0.0536127167630058,0,0,0,0,0,0,0,0,0,0,0
"ASV231",0,0,0,0,0,0,0,0,0,0,0,0,0.00379218809252939,0,0,0,0,0,0,0,0.00275750202757502,0,0,0,0,0,0,0
"ASV462",0.0137142857142857,0,0,0.0171392957307572,0,0,0,0,0,0,0,0,0,0,0,0,0,0,0,0,0,0,0,0,0,0,0,0
"ASV1003",0,0,0,0,0.00164415736934821,0,0,0,0,0,0,0,0,0,0,0,0,0,0,0,0,0,0,0,0.0037122969837587,0,0,0
"ASV888",0,0,0,0,0,0,0,0,0,0,0,0,0,0.00833857772183763,0,0,0,0,0,0,0,0,0,0,0,0,0,0
"ASV20",0,0,0,0,0.000704638872577804,0,0,0,0,0,0,0,0.0267981291872077,0,0,0,0,0,0,0,0,0,0,0,0,0,0,0
"ASV695",0,0,0,0,0,0,0,0,0.0124206831375726,0,0,0,0,0,0,0,0,0,0,0,0,0,0,0,0,0,0,0
"ASV912",0,0,0,0,0.00551967116852613,0,0,0,0,0,0,0,0,0,0,0,0,0,0,0,0,0,0,0,0,0,0,0
"ASV557",0,0,0,0,0,0,0,0,0,0,0,0,0,0,0,0,0.0187861271676301,0,0,0,0,0,0,0,0,0,0,0
"ASV652",0,0,0,0.00238911395034798,0.012096300645919,0,0,0,0,0,0,0,0.00176968777651372,0,0,0.00643086816720257,0,0,0,0,0,0.00872736746124788,0,0,0.004292343387471,0,0,0.00996483001172333
"ASV398",0,0,0,0,0,0,0,0.0262093963474139,0,0,0,0,0.00733156364555682,0,0,0,0,0,0,0,0,0,0,0,0,0,0,0
"ASV116",0,0,0,0,0,0,0,0,0,0,0,0,0.00227531285551763,0,0,0,0,0,0,0,0.059367396593674,0,0,0,0,0,0,0
"ASV824",0,0,0,0,0,0,0,0,0,0,0,0.0048776455026455,0,0,0,0,0,0.00475578406169666,0,0,0,0,0,0,0,0,0.00540648778534241,0
"ASV706",0,0,0,0,0,0,0,0,0,0,0,0,0,0,0,0,0.0128612716763006,0,0,0.00516289834431191,0,0,0.00941402497598463,0,0,0,0,0
"ASV23",0,0.0233120738948757,0.0121680245476669,0,0.0387551379917792,0,0,0,0,0,0,0,0.0447478194918468,0,0,0.0240723038150691,0,0,0.025667483554753,0,0,0.0870131561807998,0,0,0.0979118329466357,0,0,0.0164126611957796
"ASV340",0,0,0,0.0218136491118729,0,0,0,0,0,0,0,0,0,0,0,0.00608325367167811,0,0,0,0,0,0,0,0,0,0,0,0
"ASV846",0,0,0,0,0.00716382853787434,0,0,0,0,0.0100610851598994,0,0,0,0,0,0,0,0,0,0,0,0,0,0,0,0,0,0
"ASV723",0.00756043956043956,0,0,0,0,0,0,0,0,0,0,0,0,0,0,0,0,0,0,0,0,0,0,0,0,0,0,0
"ASV271",0.0213626373626374,0,0,0,0,0,0,0,0,0,0,0,0,0,0,0,0,0,0,0,0,0,0,0,0,0,0,0
"ASV112",0,0,0,0,0,0,0,0,0,0,0,0,0,0,0,0,0,0,0,0,0,0,0,0.00488789714164276,0,0,0,0
"ASV346",0,0,0,0,0,0,0,0,0,0,0,0.00669642857142857,0,0.0165198237885463,0,0,0.00404624277456647,0.0134961439588689,0,0,0.013463098134631,0,0,0,0,0,0,0
"ASV855",0,0.00142951396525181,0,0,0.00681150910158544,0,0,0,0,0,0,0.0048776455026455,0,0,0,0,0,0,0,0,0,0,0,0,0,0,0,0
"ASV35",0,0.0306795689465582,0,0,0,0.0428755641521599,0,0.107904642409034,0,0.150556952928494,0,0,0,0,0,0,0,0,0,0,0,0,0,0,0,0,0,0
"ASV295",0,0,0,0,0,0,0,0,0,0,0,0,0.00657312602705094,0,0,0,0,0,0,0.040591062844935,0,0,0,0,0,0,0,0
"ASV204",0,0,0,0,0,0,0,0,0,0,0,0.0121527777777778,0,0,0,0,0,0,0,0,0,0,0,0.0193390712995431,0,0,0,0
"ASV1079",0,0,0,0,0,0,0,0,0,0,0,0,0.00214890658576665,0,0,0,0,0,0,0,0,0,0,0,0,0,0,0
"ASV169",0,0.0144051022652298,0.0576658554650302,0.0520411343097538,0.012096300645919,0,0.0345250613389415,0,0.0157958687727825,0,0,0,0.0163064087978764,0,0,0.0119057964717129,0,0,0.0198632787308139,0,0,0.0200599192392862,0,0,0.00498839907192575,0,0,0
"ASV137",0,0,0,0,0,0,0,0,0.0120156608613474,0,0,0,0,0,0,0,0,0,0,0,0,0.0122443662889149,0,0,0,0,0,0
"ASV297",0,0.0248515504728392,0.0132261136387684,0.00592084761607978,0.00786846741045214,0,0,0,0.00837046037532064,0,0,0,0.0192137530021489,0,0,0.0177283392717476,0,0,0.0121243389655617,0,0,0,0,0,0,0,0,0
"ASV46",0,0,0,0,0,0,0,0,0,0,0,0,0,0,0,0,0,0.0245501285347044,0,0,0,0,0,0,0,0,0,0
"ASV32",0,0,0,0,0,0,0,0,0,0,0,0,0.00176968777651372,0,0,0,0,0,0,0,0,0,0,0,0,0,0,0
"ASV33",0,0.019793270288102,0,0,0.00528479154433353,0.0109606705351386,0,0,0,0.0388070427596119,0.105811062771908,0.00529100529100529,0.0366578182277841,0.0552234109502832,0.0787980668207607,0.00747371165377596,0.0241329479768786,0.0263496143958869,0.0190893847542887,0.0959586968132455,0.03779399837794,0.0122443662889149,0.0958693563880884,0.00871320794814579,0.0109048723897912,0.0105440742302826,0.0979175010012014,0.0041031652989449
"ASV1093",0,0,0,0,0,0,0,0,0,0,0,0,0,0,0,0,0.00173410404624277,0,0,0,0,0,0,0,0,0,0,0
"ASV438",0,0,0,0,0,0.0185364281108962,0,0,0,0,0,0,0,0,0,0,0,0,0,0,0,0,0,0,0,0,0,0
"ASV334",0,0,0,0,0,0,0,0,0,0,0,0.017609126984127,0,0,0,0,0,0,0,0,0,0,0,0,0,0,0,0
"ASV123",0,0,0.0450745952809227,0,0,0,0,0,0,0,0,0,0,0,0,0,0,0,0,0,0,0,0,0,0,0,0,0
"ASV308",0,0,0,0,0,0,0,0,0,0,0,0,0,0,0,0.00347614495524463,0,0,0,0,0,0,0,0,0,0,0,0
"ASV844",0,0,0,0,0,0,0,0,0,0.00197628458498024,0,0,0.00492984452028821,0,0,0,0,0,0,0,0,0,0,0,0,0,0,0
"ASV245",0,0,0,0,0,0,0,0,0,0,0,0,0,0,0,0,0,0,0,0,0,0,0,0.0340027627244714,0,0,0,0
"ASV773",0,0,0,0,0,0,0,0,0,0,0,0,0,0,0,0,0,0,0,0,0,0.00963918197212453,0,0,0,0,0,0
"ASV254",0,0,0,0,0,0,0,0,0,0,0.0393101305158484,0,0,0,0,0,0.00997109826589595,0,0,0.0416592487092754,0,0,0.0340057636887608,0,0,0.0202446225221426,0,0
"ASV265",0,0.0151748405542116,0,0,0,0,0,0,0,0,0,0,0.0203514094299077,0,0,0,0,0,0,0,0,0,0,0,0,0,0,0
"ASV979",0,0,0,0,0,0,0,0,0,0,0,0,0,0,0,0,0.00520231213872832,0,0,0,0,0,0,0,0,0,0,0
"ASV562",0.0036043956043956,0,0,0,0.00246623605402231,0,0,0,0,0,0,0,0,0,0,0,0,0,0,0,0,0,0,0,0,0,0,0
"ASV202",0,0,0,0,0,0,0,0,0,0,0,0,0,0,0,0,0,0.0116966580976864,0,0,0,0,0,0.0310275209860801,0,0,0,0
"ASV698",0,0,0,0,0,0,0,0,0,0,0,0,0.00442421944128429,0,0,0.00799513339706266,0,0,0.00838385141235651,0,0,0,0,0,0,0,0,0.00656506447831184
"ASV649",0,0,0,0,0,0,0,0,0,0,0,0,0,0,0.00231140996007565,0,0,0.0133676092544987,0,0,0,0,0,0,0,0,0,0
"ASV622",0,0,0,0,0,0,0,0,0,0,0,0,0,0,0,0,0.0161849710982659,0,0,0,0,0,0,0,0,0,0,0
"ASV81",0,0,0,0,0,0,0,0,0,0,0,0,0.0537226646441663,0,0,0,0,0,0.030568812072746,0,0,0.016021883548261,0,0,0,0,0,0
"ASV470",0.0181978021978022,0,0,0,0.00739870816206694,0,0.0282159130739572,0,0.0207911435128932,0.0167085878548329,0,0,0,0,0,0,0,0,0,0,0,0.0106812556988407,0,0,0,0,0,0
"ASV995",0,0,0,0,0,0,0,0,0,0,0,0,0,0,0,0.00295472321195794,0,0,0,0,0,0,0,0,0,0,0,0
"ASV973",0,0,0,0,0,0,0,0,0,0,0,0.00305886243386243,0,0,0,0,0,0,0,0,0,0,0,0,0,0,0,0
"ASV679",0,0,0,0,0,0,0,0,0,0,0.00310752019888129,0,0,0.00456261799874135,0.0203824332843034,0,0,0,0,0,0,0,0,0,0,0,0,0
"ASV987",0,0,0,0,0,0,0,0,0,0,0,0,0,0,0,0,0,0,0,0,0,0,0,0,0,0.00442851117671868,0,0
"ASV335",0,0,0,0,0,0,0,0,0,0,0,0,0,0,0,0,0,0,0,0,0.0345498783454988,0,0,0,0,0,0,0
"ASV551",0,0,0,0,0,0,0,0.0158929318276872,0,0,0,0,0,0,0,0,0,0,0,0,0,0,0,0,0,0,0,0
"ASV250",0,0,0,0,0,0,0,0,0,0,0,0,0,0,0,0.0112974711045451,0,0,0,0,0,0,0,0,0.00603248259860789,0,0,0
"ASV94",0,0,0,0,0,0.0344938749194068,0,0.0151958734141921,0,0.105282069708947,0.00357364822871349,0,0,0,0,0,0,0,0,0.00284849563824105,0,0,0,0,0,0,0,0
"ASV678",0,0,0,0,0,0,0,0,0,0,0,0,0,0,0.0203824332843034,0,0,0,0,0,0,0,0,0,0,0,0,0
"ASV186",0,0,0,0,0,0,0.0525762355415352,0,0,0,0,0,0,0,0,0,0,0,0,0,0,0,0,0,0,0,0,0
"ASV709",0,0,0,0,0,0,0,0,0,0,0,0,0,0,0,0,0,0,0,0,0.0123276561232766,0,0,0,0,0,0,0
"ASV1031",0,0,0,0,0,0,0,0,0,0,0,0,0.00341296928327645,0,0,0,0,0,0,0,0,0,0,0,0,0,0,0
"ASV69",0,0,0,0,0,0,0,0,0,0,0,0.0140542328042328,0,0,0,0,0,0.0347043701799486,0,0,0.0145985401459854,0,0,0,0,0,0,0
"ASV781",0,0,0,0,0,0,0,0,0,0,0,0,0,0,0,0,0,0,0,0,0,0.00950892275628501,0,0,0,0,0,0
"ASV960",0,0,0,0,0,0,0,0,0,0,0,0,0,0,0,0,0,0,0,0.00694320811821257,0,0,0,0,0,0,0,0
"ASV634",0,0,0,0,0,0,0,0,0,0,0,0,0.00707875110605486,0,0,0,0,0,0,0,0,0,0,0,0,0,0,0
"ASV76",0,0.0661974928524302,0,0,0,0,0,0,0,0,0,0,0,0,0,0,0,0,0,0,0,0,0,0,0,0,0,0
"ASV800",0,0,0,0,0,0,0,0,0,0,0,0,0,0,0,0,0,0,0,0.00551896029909204,0,0,0,0,0,0,0,0
"ASV194",0,0,0,0,0,0,0,0,0,0,0,0,0,0,0,0.0145998088120275,0,0,0,0,0,0,0,0,0,0,0,0.00750293083235639
"ASV795",0,0,0,0,0,0,0,0,0,0,0,0,0,0,0,0,0,0,0,0,0,0,0,0.0107321219849113,0,0,0,0
"ASV740",0,0,0.00497301872817691,0,0,0,0,0,0,0,0,0,0,0,0,0.00695228991048927,0,0,0,0,0,0,0,0,0,0,0,0
"ASV338",0,0,0,0,0,0,0,0,0,0,0,0,0,0,0,0,0,0.0119537275064267,0,0,0,0.0274846945421389,0,0,0,0,0,0
"ASV413",0.00703296703296703,0,0,0,0,0,0,0,0.0174159578776833,0,0,0,0,0,0,0.0159902667941253,0,0,0,0,0,0,0,0,0,0,0,0
"ASV392",0,0,0,0,0,0.0306254029658285,0,0,0,0,0,0,0,0,0,0,0,0,0,0,0,0,0,0,0,0,0,0
"ASV19",0,0,0,0,0,0,0,0,0,0,0,0.0247189153439153,0,0,0,0,0,0.0190231362467866,0,0,0.0337388483373885,0,0,0,0,0,0,0
"ASV197",0,0,0.0209501640038091,0.0306429832762023,0,0,0.017875920084122,0,0,0,0,0,0,0,0,0,0,0,0,0,0,0,0,0,0,0,0,0
"ASV822",0,0,0,0,0,0,0,0,0,0,0.0100994406463642,0,0,0,0,0,0,0,0,0,0,0,0,0,0,0,0,0
"ASV444",0,0,0,0,0,0,0,0,0,0,0,0,0,0,0.0256356377390208,0,0,0,0,0,0,0,0,0,0,0,0,0
"ASV544",0,0,0,0,0,0,0,0,0,0,0.00807955251709136,0,0,0,0,0,0.0502890173410405,0,0,0.0163788499198861,0,0,0.0103746397694524,0,0,0.0286798819063686,0,0
"ASV25",0,0,0,0.0162044250545341,0.151379917792132,0,0,0,0,0.0370104204096299,0,0,0,0,0,0,0,0,0,0,0,0,0,0,0,0,0,0
"ASV324",0,0,0,0,0,0,0.0297932001402033,0,0,0,0,0,0,0,0,0.00590944642391588,0,0,0.0229588546369147,0,0,0.0281359906213365,0,0,0,0,0,0
"ASV96",0.0337582417582418,0,0,0.0216059000727122,0,0,0,0,0,0,0,0,0,0,0,0,0,0,0,0,0,0,0,0,0.045707656612529,0,0,0
"ASV210",0,0,0,0,0,0,0,0,0,0,0,0,0,0,0.0680815297331372,0,0,0.00925449871465296,0,0,0.0463909164639092,0,0,0.0111571565189672,0,0,0.0156187424909892,0
"ASV120",0,0,0,0,0,0,0,0,0,0,0.0559353635798633,0,0,0.0365009439899308,0,0,0,0,0,0,0,0,0,0,0,0,0,0
"ASV341",0,0,0,0,0,0,0,0,0,0,0,0,0,0,0,0,0,0,0,0,0,0,0.0401536983669549,0,0,0,0,0
"ASV77",0,0,0,0,0,0,0,0,0,0,0.0074580484773151,0,0,0,0,0,0,0,0,0,0,0,0.00710854947166186,0,0,0,0,0
"ASV127",0,0,0,0,0,0,0,0.0536734978391189,0,0,0,0,0,0,0,0,0,0,0,0,0,0,0,0,0,0,0,0
"ASV22",0.000703296703296703,0.00109962612711678,0,0,0.00481503229594833,0.0174081237911025,0,0,0,0,0,0.0128968253968254,0.00252812539501959,0,0,0,0,0.0365038560411311,0,0.0384546911162542,0,0,0.0643611911623439,0.0414408670704495,0,0,0,0
"ASV54",0,0,0,0,0,0,0,0.0156141084622891,0,0.0652173913043478,0.0355811062771908,0.0603505291005291,0,0.0303650094398993,0.0607270434965329,0,0,0.0314910025706941,0,0,0,0,0,0.0784188715333121,0,0,0,0
"ASV191",0,0,0,0,0,0,0,0,0,0,0.014449968924798,0,0,0.026117054751416,0,0,0.0254335260115607,0,0,0,0,0,0.0428434197886647,0,0,0,0,0
"ASV187",0,0,0,0,0,0,0,0,0,0,0,0.0174437830687831,0,0,0,0,0,0,0,0,0,0,0,0,0,0,0,0
"ASV809",0,0,0,0,0,0,0,0,0,0,0,0,0,0.0106985525487728,0,0,0,0,0,0,0,0,0,0,0,0,0,0
"ASV125",0,0,0,0,0.0220786846741045,0,0,0,0,0,0,0,0,0.026431718061674,0,0,0.0345375722543353,0,0,0,0,0,0,0,0,0.0668494306199916,0,0
"ASV659",0,0,0,0,0,0,0,0,0,0,0.0156929770043505,0,0,0,0,0,0,0,0,0,0,0,0,0,0,0,0,0
"ASV196",0,0,0,0,0,0,0,0.041265858078907,0,0,0,0,0,0,0,0,0,0,0,0,0,0,0,0,0,0,0,0
"ASV1049",0,0,0,0,0,0,0,0,0,0.00413223140495868,0,0,0,0,0,0,0,0,0,0,0,0,0,0,0,0,0,0
"ASV397",0,0,0,0,0,0,0,0,0,0,0,0,0,0,0,0,0,0,0,0,0,0,0,0,0,0,0.0210252302763316,0
"ASV847",0,0,0,0,0,0,0,0,0,0,0,0,0,0,0,0,0.0088150289017341,0,0,0,0,0,0,0,0,0,0,0
"ASV453",0,0,0,0,0,0,0,0,0,0,0,0,0,0,0,0.000782132614930043,0.00505780346820809,0,0,0,0,0,0,0,0,0,0,0
"ASV807",0,0.00747745766439411,0,0,0,0,0.00595864002804066,0,0,0,0,0,0,0,0,0,0,0,0,0,0,0,0,0,0,0,0,0
"ASV808",0,0,0,0,0.00798590722254844,0,0,0,0,0,0,0,0,0,0,0,0.00245664739884393,0,0,0,0,0,0,0,0,0,0,0
"ASV810",0,0,0,0,0,0,0,0,0,0,0,0,0,0,0,0.00590944642391588,0,0,0,0,0,0,0,0,0,0,0,0.005978898007034
"ASV128",0.0136263736263736,0,0,0,0,0,0.0380301437083771,0,0.0472525988929391,0,0,0,0,0,0,0,0,0,0,0,0,0,0,0,0,0,0,0
"ASV794",0,0,0,0,0,0,0,0,0,0,0.0108763206960845,0,0,0,0,0,0,0,0,0,0,0,0,0,0,0,0,0
"ASV937",0,0,0,0,0.00986494421608925,0,0,0,0,0,0,0,0,0,0,0,0,0,0,0,0,0,0,0,0,0,0,0
"ASV620",0.00984615384615385,0,0,0,0,0,0,0,0,0,0,0,0,0,0,0,0,0,0,0,0,0,0,0,0,0,0,0
"ASV45",0.0128351648351648,0,0,0.0127765659083827,0,0,0,0,0.0731740245713514,0,0,0,0,0,0,0,0,0,0.0190893847542887,0,0,0.0177152533541748,0,0,0.0208816705336427,0,0,0.0297772567409144
"ASV963",0,0,0,0.00394723174405318,0,0,0,0,0,0,0,0,0,0,0,0,0,0,0,0,0,0,0,0,0,0,0,0
"ASV431",0,0,0,0,0,0,0,0,0,0,0,0,0,0,0,0,0,0.0151670951156812,0,0,0,0,0,0,0,0,0,0
"ASV224",0,0,0,0,0,0,0,0,0,0,0,0,0,0.0140025173064821,0.0573649926455138,0,0,0,0,0,0.0240064882400649,0,0,0,0,0.0107549557148882,0,0
"ASV7",0,0,0,0.0210865274748104,0,0.00241779497098646,0.0495969155275149,0,0,0,0,0,0,0,0,0.0144260015642652,0,0,0.0290210241196956,0,0,0,0,0,0.0283062645011601,0,0,0.0519343493552169
"ASV134",0,0,0,0,0,0,0,0,0,0,0,0.019510582010582,0,0,0,0,0,0.0124678663239075,0,0,0.0953771289537713,0,0,0,0,0,0.0588706447737285,0
"ASV525",0.0146813186813187,0,0,0,0,0,0,0,0,0,0,0,0,0,0,0.00651777179108369,0,0,0,0,0,0.00169336980591377,0,0,0.00765661252900232,0,0,0
"ASV599",0,0,0,0,0,0,0,0,0,0,0,0.00992063492063492,0,0,0.0178608951460391,0,0,0.00951156812339332,0,0.0154886950329357,0.00940794809407948,0.00638270157613651,0,0.0102008288173414,0,0,0,0
"ASV182",0.0267252747252747,0,0,0,0,0,0,0,0,0,0,0,0,0,0,0,0,0,0,0,0,0,0,0,0,0,0,0
"ASV79",0,0,0,0,0,0,0,0,0,0,0,0.0172784391534392,0,0,0,0,0,0,0,0.0144205091685953,0,0,0,0.00648177664435235,0,0,0,0
"ASV393",0,0,0,0,0,0,0,0,0,0,0,0,0,0,0,0,0.0442196531791908,0,0,0,0,0,0,0,0,0.0328975115984817,0,0
"ASV876",0,0,0,0,0,0,0,0,0,0,0,0,0,0,0,0,0,0,0,0,0,0,0.010566762728146,0,0,0,0,0
"ASV374",0,0,0,0,0,0,0,0,0,0,0,0,0.00644671975729996,0,0,0.0155557486747197,0,0,0.0254095188959113,0,0,0,0,0,0.00754060324825986,0,0,0
"ASV282",0,0,0,0,0,0.0404577691811734,0,0,0,0,0,0.0194279100529101,0,0,0,0,0,0.0185089974293059,0,0,0,0,0,0.0167888640952077,0,0,0,0
"ASV176",0,0,0,0,0,0,0,0,0,0,0,0,0,0,0,0,0,0,0.0199922610602347,0,0,0.0105509964830012,0,0,0.0452436194895592,0,0,0.011957796014068
"ASV428",0,0,0,0,0,0,0,0,0,0,0,0.00785383597883598,0,0,0,0,0,0,0,0,0,0,0,0,0,0,0,0
"ASV535",0,0,0,0,0,0,0,0,0,0,0,0,0,0,0,0,0.00736994219653179,0.00758354755784062,0,0.00943564180167349,0.0097323600973236,0,0.0126801152737752,0.0113696737859951,0,0,0,0
"ASV315",0.0245274725274725,0.0240818121838575,0,0,0.00892542571931885,0,0,0,0,0.0305425799496946,0,0,0,0,0,0,0,0,0,0,0,0,0,0,0,0,0,0
"ASV289",0.0203956043956044,0,0,0.0124649423496416,0,0,0,0,0,0,0,0,0.00948047023132347,0,0,0,0,0,0,0,0,0,0,0,0,0,0,0
"ASV854",0,0,0,0,0.00692894891368174,0,0,0,0,0,0,0,0,0,0,0,0,0,0.00696504578872694,0,0,0,0,0,0.00672853828306265,0,0,0.00468933177022274
"ASV938",0,0,0,0,0,0,0,0,0,0,0,0,0,0,0.00882538348392519,0,0,0,0,0,0,0,0,0,0,0,0,0
"ASV585",0.0153846153846154,0,0,0,0,0,0.00701016473887136,0,0,0,0,0,0,0,0,0.00199878334926566,0,0,0,0,0,0,0,0,0,0,0,0
"ASV721",0,0,0,0,0,0,0,0,0,0,0,0,0.00278093793452155,0,0,0,0,0,0,0,0,0,0,0,0,0,0,0
"ASV110",0,0,0,0,0,0,0,0,0,0,0,0,0,0,0,0,0,0.0439588688946015,0,0,0,0,0,0,0,0,0,0
"ASV259",0,0,0,0,0,0.0359445519019987,0,0.00320646870207723,0,0.0125763564498742,0.0236171535114978,0.0654761904761905,0.00379218809252939,0.0152611705475142,0,0,0.0407514450867052,0,0,0.0345380096136728,0.00340632603406326,0,0.013640730067243,0.0378280735309744,0,0.0212990299451708,0.0158189827793352,0
"ASV1035",0,0,0,0,0,0,0,0,0,0,0,0,0,0.00409062303335431,0,0,0,0,0,0,0,0,0,0,0,0,0,0
"ASV587",0,0,0,0,0,0,0,0,0,0,0.0135177128651336,0,0,0,0,0,0,0.00539845758354756,0,0,0,0,0.0205571565802113,0.0129635532887047,0,0.00843525938422606,0,0
"ASV161",0,0,0,0,0,0,0,0,0,0,0,0,0,0,0,0,0,0,0,0,0,0,0,0,0,0.0670603121045972,0,0
"ASV836",0,0,0.00486720981906677,0,0,0,0,0,0,0,0,0,0,0,0,0,0,0,0,0,0,0,0,0,0,0,0,0
"ASV18",0,0,0,0,0,0,0,0,0,0,0,0,0,0.00959723096286973,0,0,0,0,0,0.035072102545843,0,0,0,0,0,0.0352172079291438,0,0
"ASV207",0,0,0,0,0,0,0,0,0,0,0,0.0246362433862434,0,0,0,0,0,0,0,0,0,0,0,0.0400595048347678,0,0,0,0
"ASV143",0,0,0,0,0,0,0,0,0,0,0,0,0,0,0,0,0,0,0,0,0,0,0.064745437079731,0,0,0,0,0
"ASV1103",0,0,0,0,0,0,0,0,0,0,0,0,0,0,0,0,0,0,0,0,0.0008110300081103,0,0,0,0,0,0,0
"ASV139",0,0,0,0,0,0,0,0,0,0,0,0,0,0,0,0,0.0265895953757225,0,0,0,0.00437956204379562,0,0,0.0130698119222187,0,0,0,0
"ASV533",0,0,0.0140725849116496,0,0,0,0,0,0,0,0,0,0,0,0,0,0,0,0,0,0,0,0,0,0.0163573085846868,0,0,0
"ASV294",0.045978021978022,0,0,0,0,0,0,0,0.0236262994464696,0,0,0,0.0139046896726078,0,0,0.0350221604240897,0,0,0,0,0,0,0,0,0.0321345707656613,0,0,0.0364595545134818
"ASV80",0,0,0,0,0.0176159718144451,0,0.0196284612688398,0.0238393977415307,0.0122856757121642,0,0,0,0,0,0,0.0123403145911184,0,0,0.0312137237198504,0,0,0.0178455125700143,0,0,0.00556844547563805,0,0,0.0194607268464244
"ASV350",0,0,0,0,0.0240751614797416,0,0,0,0,0,0,0,0,0,0,0,0,0,0,0,0,0,0,0,0,0,0,0
"ASV903",0,0,0.00253941381864353,0,0,0,0,0,0,0,0,0,0,0.0078665827564506,0,0,0,0,0,0,0,0,0,0,0,0,0,0
"ASV478",0,0,0,0,0,0,0,0,0,0,0,0.0132275132275132,0,0,0,0,0,0,0,0,0,0,0,0,0,0,0,0
"ASV758",0,0,0,0,0,0,0,0,0,0,0,0.00628306878306878,0,0,0,0,0,0,0,0,0,0,0,0,0,0,0,0
"ASV918",0,0,0,0,0,0,0,0,0,0,0.00714729645742697,0,0,0,0,0,0,0,0,0,0,0,0.00422670509125841,0,0,0,0,0
"ASV637",0.00615384615384615,0,0.0114273621838959,0,0,0,0,0,0,0,0,0,0.0256604727594489,0,0,0,0,0,0,0,0,0,0,0,0,0,0,0
"ASV858",0,0,0,0,0,0,0,0,0,0,0,0,0,0,0,0.0049535065612236,0,0,0,0,0,0,0,0,0,0,0,0
"ASV644",0,0,0,0,0,0.0169245647969052,0,0,0,0,0,0,0,0,0,0,0,0,0,0,0,0,0,0,0,0,0,0
"ASV608",0,0,0,0,0,0,0,0,0,0,0,0.00760582010582011,0,0,0,0,0,0,0,0,0,0,0,0,0,0,0,0
"ASV149",0,0,0,0,0,0,0,0.0443329150982852,0,0,0,0,0.0154215649096195,0,0,0.00790822977318154,0,0,0.0179285437895008,0,0,0,0,0,0.0281902552204176,0,0,0
"ASV665",0,0,0,0,0,0,0,0,0,0,0,0.00248015873015873,0,0.00645059786028949,0,0,0,0.0057840616966581,0,0.0067651771408225,0.00794809407948094,0,0,0,0,0,0.0200240288346015,0
"ASV65",0,0,0,0,0,0,0,0,0,0,0.0158483530142946,0,0,0,0,0,0,0,0,0,0,0,0,0,0,0.0341628005061156,0,0
"ASV47",0,0,0,0,0,0,0,0,0,0,0,0,0,0,0,0,0,0.0780205655526992,0,0,0.0056772100567721,0,0,0.0129635532887047,0,0,0,0
"ASV999",0,0,0,0,0,0,0,0,0,0.00341358246496586,0,0,0.00240171912526861,0,0,0,0,0,0,0,0,0,0,0,0,0,0,0
"ASV336",0.00527472527472527,0,0,0,0,0,0,0,0,0,0,0,0,0,0,0,0,0,0,0,0,0,0,0,0,0,0,0
"ASV881",0,0,0,0,0,0,0,0,0,0,0,0.00446428571428571,0,0,0,0,0,0.00488431876606684,0,0,0,0,0,0,0,0,0,0
"ASV510",0,0,0,0,0,0.0238555770470664,0,0,0,0,0,0,0,0,0,0,0,0,0,0,0,0,0,0,0,0,0,0
"ASV621",0,0,0,0,0,0,0,0,0.0151208316457405,0,0,0,0,0,0,0,0,0,0,0,0,0,0,0,0,0,0,0
"ASV345",0,0,0,0,0,0,0,0,0,0,0,0,0,0.0325676526117055,0,0,0,0,0,0,0,0,0,0,0,0,0,0
"ASV747",0,0,0,0,0,0,0,0,0,0,0.012119328775637,0,0,0,0,0,0,0,0,0,0,0,0,0,0,0,0,0
"ASV262",0,0,0,0,0,0,0,0,0,0,0,0,0,0,0,0,0,0,0,0,0,0.0325648039598802,0,0,0,0,0,0
"ASV578",0,0,0,0,0,0,0,0,0,0,0,0,0,0,0,0,0,0,0,0,0,0,0,0,0,0,0.0250300360432519,0
"ASV663",0,0,0,0,0,0,0,0,0,0,0,0,0,0,0,0,0,0,0,0,0,0,0.00537944284341979,0,0,0,0,0
"ASV672",0,0,0,0,0,0,0,0,0,0,0,0,0,0,0,0.00851655514034935,0,0,0,0,0,0,0,0,0,0,0,0
"ASV744",0,0,0,0,0,0,0,0,0,0,0,0,0,0,0,0,0,0,0.0101896040242487,0,0,0,0,0,0,0,0,0
"ASV853",0,0,0,0,0,0,0,0,0,0,0,0,0,0,0,0,0,0.0077120822622108,0,0,0,0.00586166471277843,0,0,0,0,0,0
"ASV556",0.00764835164835165,0,0,0.0135036875454451,0,0,0,0,0,0,0,0,0,0,0,0,0,0,0,0,0,0,0,0,0,0,0,0
"ASV15",0,0,0,0,0,0,0,0,0,0,0,0.00768849206349206,0,0,0.00609371716747216,0,0,0,0,0.00373865052519138,0,0,0.0207492795389049,0,0,0,0,0
"ASV526",0,0.0224323729931823,0,0,0,0,0,0,0,0,0,0,0.00922765769182151,0,0,0,0,0,0.00670708112988521,0,0,0,0,0,0.00614849187935035,0,0,0
"ASV841",0,0,0,0,0,0,0,0,0,0,0,0.00777116402116402,0,0.0066079295154185,0,0,0,0,0,0,0.00762368207623682,0,0,0.0121134842205929,0,0,0,0
"ASV765",0,0,0,0,0,0,0,0,0,0,0,0,0.00366578182277841,0,0,0,0,0.0089974293059126,0,0,0,0,0,0,0,0,0,0
"ASV241",0,0,0,0,0,0,0,0,0,0,0,0,0,0,0.0195419205715486,0,0,0,0,0,0,0,0,0.027627244713633,0,0,0,0
"ASV598",0.0105494505494505,0,0,0,0,0,0,0,0,0,0,0,0,0,0,0,0,0,0,0,0,0,0,0,0,0,0,0
"ASV815",0,0,0,0,0,0,0,0,0.00904549750236263,0,0,0,0,0,0,0,0,0,0,0,0,0,0,0,0,0,0,0
"ASV828",0,0,0,0,0,0,0,0,0,0,0,0,0,0.00440528634361234,0,0,0,0,0,0,0,0,0,0,0,0,0,0
"ASV643",0,0,0,0,0,0,0,0,0,0,0,0,0,0,0,0,0.0153179190751445,0,0,0.00605305323126224,0,0,0,0,0,0,0,0
"ASV141",0,0,0.0120622156385568,0.00997195387971331,0,0,0.0322467577988083,0,0.0209261509383016,0,0,0,0,0,0,0,0,0,0,0,0,0,0,0,0,0,0,0
"ASV675",0,0,0,0,0,0,0,0,0,0,0,0,0,0,0,0,0,0,0,0,0,0,0,0.00318775900541919,0,0,0,0
"ASV386",0,0,0,0,0,0,0,0,0,0,0,0,0,0,0,0,0,0,0,0,0,0.0082063305978898,0,0,0,0,0,0
"ASV972",0,0.00406861667033209,0,0,0,0,0,0,0,0,0,0,0,0,0,0,0,0,0,0,0,0,0,0,0,0,0,0
"ASV1080",0,0,0,0,0,0,0,0,0,0,0,0,0,0,0,0,0,0,0,0.00302652661563112,0,0,0,0,0,0,0,0
"ASV910",0,0,0,0,0,0,0,0,0,0,0,0,0,0,0,0,0,0,0,0,0.00778588807785888,0,0,0,0,0,0,0
"ASV370",0,0,0,0,0,0,0,0,0,0,0,0,0,0,0.0147089724732087,0,0,0,0,0,0.0321167883211679,0,0,0,0,0,0,0
"ASV92",0,0,0,0,0,0.0651192778852353,0,0,0,0,0,0,0,0,0,0,0,0,0,0,0,0,0,0,0,0,0,0
"ASV613",0,0,0,0,0,0,0,0,0,0,0,0,0,0,0,0,0,0,0,0,0.0142741281427413,0,0,0,0,0,0,0
"ASV412",0,0,0,0,0,0,0,0,0,0,0,0.0152116402116402,0,0,0,0,0,0,0,0,0,0,0,0,0,0,0,0
"ASV952",0,0,0,0,0,0,0,0,0,0,0,0,0,0,0,0,0,0,0,0,0,0,0,0,0,0,0.00800961153384061,0
"ASV72",0,0,0,0,0,0,0,0,0,0.0053898670499461,0,0.00396825396825397,0,0,0.0932969111157806,0,0,0.00629820051413882,0,0,0.0167072181670722,0,0,0,0,0,0.00700841009211053,0
"ASV206",0.0253186813186813,0,0,0,0.00516735173223723,0,0,0,0,0,0,0,0,0,0,0,0,0,0,0,0,0,0.00268972142170989,0,0,0,0,0
"ASV73",0,0,0,0,0,0.0119277885235332,0,0,0,0.0274883219547251,0,0,0,0,0,0,0,0,0.0114794273184574,0,0,0.0183665494333724,0,0,0.030046403712297,0.0221425558835934,0,0.0276670574443142
"ASV616",0,0,0,0,0,0,0,0,0,0,0.00435052827843381,0,0.00139046896726078,0,0,0,0,0,0,0,0,0,0,0,0,0,0,0
"ASV623",0,0,0,0,0,0,0,0,0,0,0,0,0,0,0,0,0,0,0,0,0,0,0,0,0.0129930394431555,0,0,0
"ASV568",0,0,0,0,0,0,0,0,0,0,0,0,0,0,0,0,0,0,0,0,0,0,0,0,0,0,0.0252302763315979,0
"ASV402",0,0,0,0,0,0.0146679561573179,0,0,0,0,0,0.0105820105820106,0,0,0,0,0,0,0,0,0,0.00651296079197603,0,0,0,0,0,0
"ASV9",0,0,0.00571368109194794,0.00488210242027631,0,0,0,0.0453087968771783,0,0.0134746676248653,0,0,0.0190873467323979,0,0,0.00912488050751716,0,0,0.0508190377918225,0,0,0,0,0,0.00997679814385151,0.0303669337832138,0,0.0161781946072685
"ASV49",0,0,0,0,0,0,0,0,0,0,0,0,0,0,0,0,0,0,0.0682316522636399,0,0,0,0,0,0,0,0,0
"ASV300",0,0,0,0.0131920639867041,0.0263065179095713,0,0,0.0111529346159208,0,0,0,0,0,0,0,0,0,0,0,0,0,0,0,0,0,0,0,0
"ASV403",0,0,0,0,0,0,0,0,0,0,0,0,0,0,0,0.00764751890153819,0,0,0,0,0,0,0,0,0.0216937354988399,0,0,0
"ASV1050",0,0,0,0,0,0,0,0,0,0,0,0,0,0,0,0,0,0,0,0,0,0,0,0,0,0.00485027414592999,0,0
"ASV1081",0,0,0,0,0,0,0,0,0,0,0,0,0,0,0,0,0,0,0,0,0,0,0,0,0,0,0.00340408490188226,0
"ASV676",0,0,0,0,0,0,0,0,0,0,0,0,0,0,0,0,0,0,0,0,0,0,0.00999039385206532,0,0,0,0,0
"ASV175",0,0,0.0128028780023278,0,0,0,0,0,0,0,0,0,0.00290734420427253,0,0,0.00703919353437038,0.103034682080925,0,0,0,0,0,0,0,0,0,0,0
"ASV219",0,0,0,0.0159966760153734,0,0,0,0,0,0,0,0,0,0,0,0.0245068219344747,0,0,0.00593318715335999,0,0,0.0247492510095089,0,0,0.0233178654292343,0,0,0.0199296600234467
"ASV364",0,0,0,0,0,0.0122501611863314,0,0.013104698173707,0,0,0,0.0164517195767196,0,0,0,0,0,0,0,0,0.0186536901865369,0.0106812556988407,0,0,0,0.0128637705609447,0.0148177813376051,0
"ASV107",0,0,0,0,0,0,0,0,0.0256514108275955,0,0,0,0,0,0,0.0328495698270618,0,0,0.0481104088739843,0,0,0.0149798098215449,0,0,0,0,0,0.0175849941383353
"ASV572",0,0,0,0,0,0,0,0,0,0,0,0,0.00442421944128429,0.00251730648206419,0,0,0,0,0,0,0,0,0,0,0,0,0.0252302763315979,0
"ASV534",0,0,0,0,0,0.0225660863958736,0,0,0,0,0,0,0,0,0,0,0,0,0,0,0,0,0,0,0,0,0,0
"ASV88",0,0,0,0,0,0,0.0108657553452506,0,0,0,0,0,0,0,0,0,0,0,0,0,0,0,0,0,0,0,0,0
"ASV321",0,0,0.0228547243677918,0,0,0,0,0,0,0,0,0,0,0,0,0,0,0,0,0,0,0,0,0,0,0,0,0
"ASV1111",0,0,0.000211617818220294,0,0,0,0,0,0,0,0,0,0,0,0,0,0,0,0,0,0,0,0,0,0,0,0,0
"ASV389",0,0,0,0,0,0,0,0,0,0,0,0,0,0,0,0,0,0,0,0,0,0.0248795102253484,0,0,0,0,0,0
"ASV331",0,0,0,0,0,0,0,0,0,0,0,0.035135582010582,0,0,0,0,0,0.0169665809768638,0,0,0,0.0278754721896574,0,0,0,0,0,0
"ASV1078",0,0,0,0,0,0,0,0,0,0,0,0.00140542328042328,0,0,0,0,0,0,0,0,0,0,0,0,0,0,0,0
"ASV974",0,0,0,0,0.00164415736934821,0,0,0,0,0,0,0,0,0,0,0,0,0,0,0,0.00600162206001622,0,0,0,0,0,0,0
"ASV468",0,0,0,0,0,0,0,0,0,0,0,0,0,0,0.0191216642151713,0,0.0104046242774566,0,0,0,0.0235198702351987,0,0,0,0,0,0,0
"ASV42",0,0,0,0,0,0,0,0,0,0,0,0.0237268518518519,0,0,0,0,0,0.0266066838046272,0,0,0,0,0,0.0695994049516523,0,0,0,0
"ASV729",0,0,0,0,0,0,0,0,0,0,0,0,0,0,0,0,0.0121387283236994,0,0,0,0,0,0,0,0,0,0,0
"ASV1007",0,0,0,0,0,0,0,0,0,0,0,0,0,0,0,0,0,0,0,0,0,0.00403803569102514,0,0,0,0,0,0
"ASV674",0,0,0,0,0,0,0,0,0,0,0,0,0,0,0,0,0,0,0,0,0,0,0,0,0,0.0120202446225221,0,0
"ASV190",0,0,0.0489895249179981,0.0310584813545237,0,0,0.0830704521556257,0,0.0055353044417443,0,0,0,0.006193907217798,0,0,0,0,0,0.0109634980007739,0,0,0.00859710824540836,0,0,0,0,0,0
"ASV762",0,0,0,0,0,0,0,0,0,0,0.00994406463642014,0,0,0,0,0,0,0,0,0,0,0,0,0,0,0,0,0
"ASV306",0.00931868131868132,0,0,0.023060143346837,0,0,0.0147213459516299,0,0,0,0,0,0,0,0,0,0,0,0,0,0,0,0,0,0,0,0,0
"ASV512",0,0,0,0,0,0,0,0,0,0,0,0,0,0,0,0,0,0.0188946015424165,0,0,0.0168694241686942,0,0,0,0,0,0,0
"ASV312",0,0,0,0,0,0,0,0,0,0,0,0.0181878306878307,0,0,0,0,0,0,0,0,0,0,0,0,0,0,0,0
"ASV834",0,0,0,0,0,0,0,0,0,0,0.00978868862647607,0,0,0,0,0,0,0,0,0,0,0,0.0113352545629203,0,0,0,0,0
"ASV501",0,0,0,0,0,0,0,0,0,0,0.00543816034804226,0,0,0.0195091252359975,0,0,0.0216763005780347,0,0,0.0210076553320278,0,0,0,0,0,0,0,0
"ASV714",0,0,0,0,0,0,0,0,0,0,0,0,0,0,0,0,0,0,0,0,0,0,0,0.00743810434597811,0,0,0,0
"ASV790",0,0,0,0,0,0,0,0.00641293740415447,0,0,0,0,0,0,0,0,0,0,0,0,0,0,0,0,0,0,0,0
"ASV529",0,0,0,0,0,0,0,0,0,0,0,0,0,0,0.017230510611473,0,0,0,0,0,0,0,0,0.0120072255870789,0,0,0,0
"ASV460",0,0,0,0.00830996156642775,0,0,0,0,0,0,0,0,0,0,0,0,0,0,0,0,0,0,0,0,0,0,0,0
"ASV945",0,0,0,0,0,0,0,0,0,0,0,0,0,0,0,0,0,0,0,0,0.00665044606650446,0,0,0,0,0,0,0
"ASV477",0,0,0,0,0.00669406928948914,0,0.00192779530318963,0.0223058692318416,0,0,0,0,0,0,0,0,0,0,0,0,0,0,0,0,0.0138051044083527,0,0,0.00539273153575616
"ASV631",0,0.0115460743347262,0,0,0,0,0,0,0,0,0,0,0,0,0,0,0,0,0,0,0,0,0,0,0,0,0,0
"ASV195",0,0,0,0,0.0495596007046389,0,0,0,0,0,0,0,0,0,0,0,0,0,0,0,0,0,0,0,0,0,0,0
"ASV226",0,0,0,0,0,0,0,0,0,0,0,0,0,0,0,0,0,0,0,0,0,0,0,0.039209435766656,0,0,0,0
"ASV1041",0,0,0,0,0,0,0,0,0,0,0,0,0,0,0,0,0.00361271676300578,0,0,0,0,0,0,0,0,0,0,0
"ASV24",0.04,0.0295799428194414,0.0228547243677918,0,0,0,0.0327725201542236,0.00599470235605744,0.0155258539219657,0,0,0,0,0,0,0.0184235682627966,0,0,0.00451438152973043,0,0,0.00924840432460597,0,0,0,0,0,0
"ASV62",0.0346373626373626,0.042005718055861,0,0.00976420484055261,0.0454492072812683,0,0.0464423413950228,0,0,0,0,0,0.0305903172797371,0,0,0.0137307725732163,0,0,0,0,0,0.0465025400547089,0,0,0.0348027842227378,0,0,0
"ASV359",0.00421978021978022,0.0193534198372553,0.000423235636440588,0,0.00563711098062243,0,0,0,0,0,0,0,0.0343825053722665,0,0,0.0110367602329017,0,0,0.0122533212949826,0,0,0.00872736746124788,0,0,0.0129930394431555,0,0,0.00715123094958968
"ASV916",0,0,0,0,0,0,0,0,0,0.00826446280991736,0,0,0,0,0,0,0,0,0,0,0,0,0,0,0,0,0,0
"ASV602",0,0,0,0,0,0,0,0,0,0.00664750269493353,0,0,0,0.0147891755821271,0,0,0,0,0,0,0.00356853203568532,0,0,0,0,0,0,0
"ASV782",0,0,0,0,0,0,0,0,0,0,0,0,0,0,0,0,0,0,0,0,0,0,0,0,0,0.0153943483762126,0,0
"ASV232",0.0234725274725275,0,0,0,0,0,0,0,0.00891049007695423,0,0,0,0,0,0,0,0,0,0,0,0,0,0,0,0,0,0.0040048057669203,0
"ASV317",0,0,0,0,0,0,0,0,0,0,0.033716594157862,0,0,0,0,0,0,0,0,0,0,0,0,0,0,0,0,0
"ASV236",0,0,0,0,0,0,0,0,0,0,0,0,0,0,0,0,0,0,0,0,0,0,0,0,0.0228538283062645,0,0,0
"ASV416",0,0,0,0.00633634569440116,0,0,0,0,0,0,0,0,0.018708127923145,0,0,0.00417137394629356,0,0,0,0,0,0,0,0,0,0,0,0
"ASV369",0,0,0,0,0.0111567821491486,0,0,0,0,0,0,0,0.025028441410694,0,0,0,0,0,0,0,0,0,0,0,0,0,0,0
"ASV106",0,0,0,0,0,0,0,0,0,0,0.0282784338098198,0,0,0.0719005663939585,0,0,0.0397398843930636,0,0,0,0,0,0.0122958693563881,0,0,0.0430198228595529,0.0202242691229475,0
"ASV606",0,0,0,0,0,0,0,0,0,0,0,0.00851521164021164,0,0,0,0,0,0,0,0,0,0,0,0,0,0,0,0
"ASV179",0,0.00934682208049263,0,0,0,0,0,0,0,0,0,0.0130621693121693,0.0102389078498294,0,0.0084051271275478,0.00312853045972017,0,0.00308483290488432,0,0,0.010705596107056,0,0.0186359269932757,0.0109446392519392,0,0,0.0512615138165799,0
"ASV160",0,0.0257312513745327,0,0,0,0.0243391360412637,0,0.0365258608671407,0.0363169974348589,0,0,0.0207506613756614,0,0,0.0170203824332843,0,0.0338150289017341,0.0523136246786632,0.0109634980007739,0,0.0515815085158151,0,0,0,0,0,0.0198237885462555,0
"ASV235",0,0,0,0,0,0,0,0,0,0,0,0,0,0.0158904971680302,0,0,0,0,0,0.0329357308171622,0,0,0,0,0,0,0,0
"ASV842",0,0,0,0,0.00516735173223723,0,0,0,0,0,0,0,0.00303375047402351,0,0,0,0,0,0.00451438152973043,0,0,0,0,0,0.00719257540603248,0,0,0.00527549824150059
"ASV570",0,0,0.0133319225478785,0,0,0,0,0,0,0,0,0,0,0,0,0,0,0,0,0,0,0,0,0,0,0,0,0
"ASV121",0,0.0278205410160545,0.0643318167389694,0,0.0239577216676453,0,0,0.0500487940889447,0,0,0,0,0,0,0,0,0,0,0,0,0,0,0,0,0,0,0,0
"ASV751",0,0,0,0,0,0,0,0,0,0,0,0.00636574074074074,0,0,0,0,0,0,0,0,0,0,0,0,0,0,0,0
"ASV522",0.00553846153846154,0,0,0.0150618053391503,0,0,0,0,0.00229512623194276,0,0,0,0,0,0,0.00782132614930043,0,0,0,0,0,0,0,0,0,0,0,0
"ASV925",0,0,0,0,0,0,0,0,0,0,0,0,0,0,0,0,0,0,0,0,0,0.000911814510876645,0,0,0,0,0,0
"ASV867",0,0,0,0,0,0,0,0,0,0,0,0,0,0,0,0,0,0,0,0,0,0,0,0,0,0.0111767186840995,0,0
"ASV244",0,0,0,0,0,0,0,0,0,0,0,0,0,0,0,0,0,0.0332904884318766,0,0,0,0,0,0,0,0,0,0
"ASV189",0,0,0.00243360490953338,0.0310584813545237,0,0,0,0,0,0,0,0,0,0,0,0.00634396454332146,0,0,0,0,0,0,0,0,0.0125290023201856,0,0,0.0082063305978898
"ASV939",0,0,0,0,0,0,0,0,0,0,0.004816656308266,0,0,0,0,0,0,0,0,0,0,0,0,0,0,0,0,0
"ASV284",0,0,0,0,0,0,0,0,0,0,0,0,0,0,0,0,0,0,0,0.0416592487092754,0,0,0,0,0,0,0,0
"ASV117",0,0,0.022325679822241,0,0,0,0.0609884332281809,0.0182629304335703,0,0,0,0,0,0,0,0,0,0,0,0,0,0,0,0,0,0,0,0
"ASV686",0,0,0,0,0,0,0,0,0,0,0,0,0,0,0,0,0,0,0,0,0,0,0,0.00403782807353097,0,0,0,0
"ASV421",0,0,0,0,0,0,0,0,0,0,0,0.0149636243386243,0,0,0,0,0,0,0,0,0,0,0,0,0,0,0,0
"ASV531",0,0,0,0,0,0,0,0,0,0,0.0220633934120572,0,0,0.0182504719949654,0,0,0,0,0,0,0,0,0,0,0,0.0253057781526782,0,0
"ASV514",0,0,0,0,0,0,0,0,0,0,0,0.00545634920634921,0,0,0,0,0,0,0,0,0,0,0,0,0,0,0,0
"ASV496",0,0,0,0,0,0,0,0,0,0,0,0,0,0,0,0,0.0221098265895954,0,0,0,0,0,0,0,0,0,0,0
"ASV550",0,0,0,0,0,0,0,0,0,0,0,0.0048776455026455,0,0,0,0,0,0,0,0,0,0,0,0,0,0,0,0
"ASV70",0,0.0145150648779415,0.0139667760025394,0.00934870676223122,0,0,0,0.00557646730796041,0.0130957202646146,0,0,0,0,0,0,0.0144260015642652,0,0,0,0,0,0,0,0,0,0,0,0.0180539273153576
"ASV205",0.0456263736263736,0.0223224103804706,0.0872923500158713,0.0529760049859769,0,0,0.0205047318611987,0.0391746828384219,0.0328068043742406,0,0,0,0.0240171912526861,0,0,0.00112974711045451,0,0,0.050303108474139,0,0,0.0192783639442491,0,0,0.00788863109048724,0,0,0.0131301289566237
"ASV253",0,0,0,0,0,0,0,0,0,0,0,0,0,0,0,0,0.0219653179190751,0,0,0.0452198682570767,0,0,0.00288184438040346,0,0,0,0,0
"ASV958",0,0,0,0,0,0,0,0,0,0,0,0,0,0,0,0,0.00187861271676301,0,0,0,0,0,0,0,0,0,0,0
"ASV130",0,0,0.0368215003703312,0,0,0,0,0,0.0360469825840421,0,0,0,0,0,0,0,0,0,0,0,0,0,0,0,0,0,0,0
"ASV848",0,0,0,0,0,0,0,0,0,0,0,0,0,0,0,0,0,0.00552699228791774,0,0,0.00989456609894566,0,0,0,0,0,0,0
"ASV754",0,0,0,0,0,0,0,0,0,0,0,0.00545634920634921,0,0,0,0,0,0,0,0,0,0,0,0,0,0,0,0
"ASV188",0,0,0,0,0,0,0,0,0,0,0,0.0200892857142857,0,0,0,0,0,0,0,0,0,0,0,0.011688449686537,0,0,0,0
"ASV432",0,0,0,0,0,0,0,0,0,0,0,0,0,0,0,0,0,0,0,0,0,0,0,0,0,0,0.0270324389267121,0
"ASV132",0,0,0,0,0,0.0125725338491296,0,0,0,0,0,0,0,0,0,0,0,0,0,0.0172690048068364,0,0,0,0,0,0,0,0
"ASV371",0,0,0,0,0,0,0,0,0,0,0,0.0064484126984127,0,0,0,0,0,0,0,0,0,0,0,0.0210392094357667,0,0,0,0
"ASV660",0,0,0,0,0,0,0,0,0,0,0,0,0,0,0,0,0.0145953757225434,0,0,0,0,0,0,0,0,0,0,0
"ASV1071",0,0,0,0,0,0,0,0,0,0,0.00295214418893723,0,0,0.00235997482693518,0,0,0,0,0,0,0,0,0,0,0,0,0,0
"ASV227",0,0,0.0285684054597397,0.0127765659083827,0,0,0,0,0.00661536384501148,0,0,0,0,0,0,0,0,0,0,0,0,0,0,0,0,0,0,0
"ASV395",0,0,0,0,0.00364063417498532,0,0,0,0,0,0,0,0,0,0,0,0,0,0.00154778795305043,0,0,0,0,0,0.00904872389791183,0,0,0
"ASV594",0,0,0,0,0,0,0,0,0,0,0,0,0,0,0.00945576801849128,0,0,0,0,0,0,0,0.0107588856868396,0,0,0,0,0
"ASV485",0,0,0,0,0,0,0,0,0,0,0,0.00620039682539683,0,0,0,0,0,0,0,0,0,0,0,0.0102008288173414,0,0,0,0
"ASV408",0,0,0,0,0,0,0,0,0,0,0,0.0219080687830688,0,0,0,0,0,0,0,0,0,0,0,0.0272022101795771,0,0,0,0
"ASV396",0,0,0,0,0,0,0,0,0,0,0,0,0,0,0.0121874343349443,0,0.0092485549132948,0.00501285347043702,0,0,0,0,0,0,0,0,0.0216259511413696,0
"ASV99",0,0.0300197932702881,0.00941699291080309,0,0,0.0622179239200516,0.0247108307045216,0,0,0,0,0,0,0.0187224669603524,0.0552637108636268,0.0107760493612584,0,0,0,0,0,0,0,0,0,0,0,0
"ASV1091",0,0,0,0,0,0,0,0,0,0,0,0,0.00164328150676274,0,0,0,0,0,0,0,0,0,0,0,0,0,0,0
"ASV750",0.00676923076923077,0,0,0,0,0,0,0,0,0,0,0,0,0,0,0,0,0,0,0,0,0,0,0,0,0,0,0
"ASV573",0,0,0,0.0129843149475434,0,0,0,0,0,0,0,0,0,0,0,0,0,0,0,0,0,0,0,0,0,0,0,0
"ASV233",0,0,0,0,0,0,0,0,0,0.0168882500898311,0,0,0.00581468840854506,0,0,0,0,0,0,0,0,0,0,0,0,0,0,0
"ASV615",0,0,0,0,0,0,0,0,0,0,0,0,0,0,0,0,0,0,0,0,0,0,0,0,0.0132250580046404,0,0,0
"ASV802",0,0,0,0,0,0,0,0,0,0,0,0.00545634920634921,0,0,0,0,0,0.00886889460154242,0,0,0,0,0,0,0,0,0,0
"ASV208",0,0,0,0,0,0,0,0,0,0,0,0,0,0,0,0,0,0.0217223650385604,0,0,0,0,0.0468780019212296,0,0,0,0,0
"ASV833",0,0,0,0,0,0,0,0,0,0,0,0.00148809523809524,0,0,0,0,0,0,0,0,0,0,0,0,0,0,0,0
"ASV511",0,0,0,0,0,0,0,0,0,0,0,0,0.0109973454683352,0,0,0,0,0,0,0,0,0,0,0,0,0,0,0
"ASV209",0,0.0314493072355399,0,0,0.00822078684674104,0,0.0168243953732913,0,0.0184960172809505,0,0,0,0,0,0,0,0,0,0.0145750032245582,0,0,0,0,0,0.00765661252900232,0,0,0
"ASV59",0,0,0,0,0,0,0,0,0,0,0.00714729645742697,0,0,0,0,0,0,0,0,0,0,0,0,0.0596110934013389,0,0,0,0
"ASV91",0,0,0.0313194370966035,0.0228523943076763,0,0,0.0182264283210655,0.00529764394256239,0.0252463885513703,0,0,0,0.0231323473644293,0,0,0.0278091596419571,0,0,0.0221849606603895,0,0,0,0,0,0,0,0,0.0212192262602579
"ASV320",0,0,0,0,0,0.0246615087040619,0,0,0,0,0,0,0,0,0,0,0,0.00308483290488432,0,0,0,0,0,0.0130698119222187,0,0,0,0
"ASV743",0,0.00263910270508027,0,0,0,0,0,0,0,0,0,0,0,0,0,0,0,0,0,0,0,0,0,0,0,0,0,0
"ASV78",0,0,0,0,0,0.0214377820760799,0,0.00752823086574655,0,0,0,0,0,0,0,0.0379768836360476,0,0,0,0,0,0,0,0,0,0,0,0
"ASV507",0,0,0,0,0,0,0,0,0,0,0,0,0,0,0,0,0,0,0,0,0,0.0194086231600886,0,0,0,0,0,0
"ASV558",0,0,0,0,0,0,0,0,0,0,0,0,0,0,0,0,0,0,0,0.0231440270607086,0,0,0,0,0,0,0,0
"ASV518",0,0,0,0,0,0,0,0,0,0,0,0,0,0,0,0,0,0,0,0.0124621684173046,0,0,0.0280499519692603,0,0,0,0,0
"ASV928",0,0,0,0,0,0,0,0,0,0,0,0,0,0.00692259282567653,0,0,0,0,0,0,0,0,0,0,0,0,0,0
"ASV1010",0,0,0,0,0,0,0,0,0,0,0,0,0.00379218809252939,0,0.00357217902920782,0,0,0,0,0,0,0,0,0,0,0,0,0
"ASV376",0,0,0,0,0,0,0,0,0,0,0,0.0226521164021164,0,0,0.015129228829586,0,0,0.0235218508997429,0,0,0,0,0,0,0,0,0,0
"ASV705",0,0,0,0,0,0.0143455834945197,0,0,0,0,0,0,0,0,0,0,0,0,0,0,0,0,0,0,0,0,0,0
"ASV463",0,0,0,0,0,0,0,0,0,0,0,0,0,0.025959723096287,0,0,0,0,0,0,0,0,0,0,0,0,0,0
"ASV1097",0,0,0,0,0,0,0,0,0,0,0,0,0,0,0,0,0,0,0,0,0,0,0.00172910662824207,0,0,0,0,0
"ASV380",0,0,0,0,0,0,0,0,0,0,0,0.0135582010582011,0,0.0305223410950283,0,0,0,0,0,0,0,0,0,0,0,0,0,0
"ASV185",0,0,0,0,0,0,0,0,0,0,0,0,0,0.00424795468848332,0,0,0,0.00269922879177378,0,0,0,0,0,0,0,0,0,0
"ASV216",0,0,0,0,0,0,0,0,0,0,0,0,0,0,0,0,0,0,0,0,0,0,0,0.0297524173839124,0,0,0,0
"ASV811",0,0,0,0,0,0,0,0,0,0,0.00870105655686762,0,0,0,0,0,0,0,0,0,0,0,0,0,0,0,0.013616339607529,0
"ASV274",0.00782417582417582,0,0.0110041265474553,0.025137633738444,0,0,0,0,0,0,0,0,0,0,0,0.00634396454332146,0,0,0,0,0,0,0,0,0,0,0,0
"ASV268",0,0.0271607653397845,0,0,0,0.00290135396518375,0,0,0,0.00772547610492275,0,0,0,0,0,0,0,0,0,0,0,0.0183665494333724,0.00730067243035543,0,0,0.0105440742302826,0,0
"ASV378",0,0.0214427094787772,0,0,0,0,0,0,0,0,0,0,0,0,0,0,0,0,0,0,0,0,0.0138328530259366,0,0,0,0,0
"ASV770",0,0,0,0,0,0,0,0,0.0139057648170649,0,0,0,0,0,0,0,0,0,0,0,0,0,0,0,0,0.00105440742302826,0,0
"ASV787",0,0,0,0,0,0,0,0,0,0,0,0,0,0,0,0,0,0,0,0,0,0,0,0.00573796620975454,0,0,0,0
"ASV75",0,0,0,0,0,0,0,0,0,0,0,0,0,0,0,0,0,0,0,0,0,0.0573140549693891,0,0,0,0,0,0
"ASV414",0,0,0,0,0,0,0.0157728706624606,0,0,0,0,0,0,0,0,0.010515338489615,0,0,0.02373274861344,0,0,0,0,0,0.0232018561484919,0,0,0.0287221570926143
"ASV823",0,0,0,0,0,0,0,0,0,0,0,0,0,0,0,0,0,0,0,0,0.0056772100567721,0,0,0,0,0,0.013015618742491,0
"ASV383",0,0.00956674730591599,0.0558671040101577,0.0106990755167757,0,0.00257898130238556,0,0,0,0,0,0,0,0,0,0,0,0,0,0,0,0,0,0,0,0,0,0
"ASV745",0,0,0,0,0,0,0,0,0,0,0,0,0,0,0,0,0,0,0,0,0,0,0,0,0,0,0.0158189827793352,0
"ASV361",0,0,0,0,0,0,0,0,0,0,0,0.0166170634920635,0,0,0,0,0,0,0,0,0,0,0,0,0,0,0,0
"ASV136",0,0,0,0,0,0,0,0,0,0,0,0,0,0,0,0,0,0,0,0,0,0,0,0,0,0,0.0138165798958751,0
"ASV292",0,0,0,0,0,0,0,0,0,0,0.0206650093225606,0,0,0,0,0,0,0,0,0,0,0,0.0655139289145053,0,0,0.0115984816533108,0,0
"ASV688",0,0,0,0,0,0,0,0,0.0126906979883894,0,0,0,0,0,0,0,0,0,0,0,0,0,0,0,0,0,0,0
"ASV288",0,0,0,0,0,0,0,0,0,0,0,0.000661375661375661,0,0,0,0,0,0,0,0,0,0,0,0.0103070874508554,0,0,0,0
"ASV913",0,0.00362876621948538,0,0,0.00199647680563711,0,0,0.00376411543287327,0,0,0,0,0.00594109467829604,0,0,0,0,0,0,0,0,0,0,0,0,0,0,0
"ASV852",0,0,0,0,0,0,0,0,0,0,0,0,0,0,0,0,0.00867052023121387,0,0,0,0,0,0,0,0,0,0,0
"ASV60",0.0137142857142857,0,0,0.0151656798587307,0.0387551379917792,0,0.0150718541885734,0.0054370556252614,0.00796543809909545,0.0418613007545814,0,0,0.0304639110099861,0,0,0.0113843747284262,0,0,0,0,0,0,0,0,0.0230858468677494,0,0,0.0520515826494724
"ASV796",0,0,0,0,0,0,0,0,0,0,0.0079241765071473,0,0,0.00912523599748269,0,0,0,0,0,0,0,0,0,0,0,0,0,0
"ASV561",0,0,0,0,0,0,0,0,0,0,0,0,0,0,0,0,0.0088150289017341,0.0106683804627249,0,0,0,0.00950892275628501,0,0,0,0,0,0
"ASV874",0,0,0,0,0,0.00886524822695036,0,0,0,0,0,0,0,0,0,0,0,0,0,0,0,0,0,0,0,0,0,0
"ASV119",0,0,0,0,0,0,0,0,0,0,0,0,0.00366578182277841,0.0567967275015733,0,0,0,0,0,0,0,0,0,0,0,0,0,0
"ASV959",0,0,0,0,0,0,0,0,0,0,0,0,0,0,0.00819499894935911,0,0,0,0,0,0,0,0,0,0,0,0,0
"ASV246",0,0,0,0.0144385582216682,0,0,0,0,0,0,0,0,0,0,0,0,0,0,0,0,0,0,0,0,0,0,0,0
"ASV697",0,0,0,0,0,0,0,0,0,0,0,0.00760582010582011,0,0,0,0,0,0,0,0,0,0,0,0,0,0,0,0
"ASV296",0.00545054945054945,0,0,0,0,0,0,0,0,0,0,0,0,0,0,0,0,0,0,0,0,0.00872736746124788,0,0,0,0,0,0
"ASV51",0,0.0576204090609193,0,0,0.0116265413975338,0,0,0.00850411264463962,0,0,0,0,0,0,0,0,0,0,0,0,0,0,0,0,0,0,0,0
"ASV449",0,0,0,0,0,0,0,0,0,0,0,0,0,0,0,0,0,0,0,0,0,0,0,0,0,0,0.00881057268722467,0
"ASV30",0,0,0,0,0,0,0,0,0,0,0,0,0,0.0325676526117055,0,0,0.0773121387283237,0,0,0,0,0,0,0,0,0,0,0
"ASV968",0,0,0,0,0,0,0,0,0,0,0,0,0.00265453166477057,0,0,0,0,0,0,0,0,0,0,0,0,0,0,0
"ASV314",0,0,0,0,0,0,0,0,0.0175509653030917,0,0,0,0,0,0,0,0,0,0,0,0,0,0,0,0,0,0,0
"ASV101",0,0,0,0,0,0,0,0,0,0,0,0,0.0193401592718999,0,0,0,0,0,0,0,0,0,0,0,0,0,0,0
"ASV1009",0,0,0,0,0,0,0,0,0,0,0,0,0.00379218809252939,0,0,0,0,0,0,0,0,0,0,0,0,0,0,0
"ASV984",0.00307692307692308,0,0,0,0,0,0,0,0,0,0,0,0,0,0,0,0,0,0,0,0,0,0,0,0,0,0,0
"ASV932",0,0.00472839234660216,0,0,0,0,0,0,0,0,0,0,0,0,0,0,0,0,0,0,0,0,0,0,0,0,0,0
"ASV1025",0,0,0,0,0,0,0,0,0,0,0,0,0,0,0,0,0.00404624277456647,0,0,0,0,0,0,0,0,0,0,0
"ASV429",0,0,0,0,0,0,0,0,0,0,0,0,0,0,0,0,0,0,0,0,0,0,0,0,0,0,0.0270324389267121,0
"ASV772",0,0,0,0,0,0,0,0,0,0,0,0,0,0,0,0,0.0106936416184971,0,0,0,0,0,0,0,0,0,0,0
"ASV859",0,0,0,0,0,0,0,0,0,0,0,0,0,0,0,0,0,0,0,0,0.00924574209245742,0,0,0,0,0,0,0
"ASV56",0,0,0,0,0,0.092682140554481,0,0,0.0278115296341299,0.0368307581746317,0,0,0,0,0,0.0260710871643348,0,0,0.0232168192957565,0,0,0,0,0,0,0,0,0
"ASV162",0.00527472527472527,0,0.0432758438260502,0.0423808039887816,0,0,0.0120925341745531,0,0.0390171459430269,0,0,0,0.00669953229680192,0,0,0.0118188928478318,0,0,0,0,0,0,0,0,0,0,0,0
"ASV701",0,0,0,0,0,0,0,0,0,0,0,0.00752314814814815,0,0,0,0,0,0,0,0,0,0,0,0,0,0,0,0
"ASV34",0,0,0,0,0,0,0,0,0,0,0.0214418893722809,0,0,0,0,0,0,0,0,0.0733487626847071,0,0,0,0,0,0.0995360607338676,0,0
"ASV251",0,0,0,0,0,0,0,0,0,0,0,0,0,0,0,0,0,0,0,0,0,0,0,0,0.00986078886310905,0,0,0
"ASV48",0.0742857142857143,0,0,0,0,0,0,0,0,0,0,0,0.00796359499431172,0,0,0,0,0,0.00941571004772346,0,0,0,0,0,0,0,0,0
"ASV256",0.00545054945054945,0,0,0,0,0,0.0192779530318962,0.0107346995678238,0,0,0,0,0.012387814435596,0,0,0,0,0,0,0,0,0,0,0,0,0,0,0.0180539273153576
"ASV994",0,0,0,0,0,0,0,0,0,0,0,0,0,0.00534927627438641,0,0,0,0,0,0,0,0,0,0,0,0,0,0
"ASV889",0,0,0,0,0,0,0,0,0,0,0,0,0,0,0,0,0,0,0,0,0,0.00690373843949459,0,0,0,0,0,0
"ASV1034",0,0,0,0,0,0,0,0,0,0,0,0,0.00328656301352547,0,0,0,0,0,0,0,0,0,0,0,0,0,0,0
"ASV180",0,0,0,0,0,0,0,0,0,0,0,0.0291832010582011,0,0,0,0,0,0,0,0,0,0,0,0.043247263840187,0,0,0,0
"ASV1006",0,0,0,0,0,0,0.00543287767262531,0,0,0,0,0,0,0,0,0,0,0,0,0,0,0,0,0,0,0,0,0
"ASV673",0,0,0,0,0,0,0,0,0,0,0,0,0,0,0,0,0,0,0,0,0,0,0.0188280499519693,0,0,0,0,0
"ASV717",0,0,0,0,0,0,0,0,0.0117456460105306,0,0,0,0,0,0,0,0,0,0,0,0,0,0,0,0,0,0,0
"ASV992",0,0,0,0,0,0,0,0,0,0.00610851598993891,0,0,0,0,0,0,0,0,0,0,0,0,0,0,0,0,0,0
"ASV40",0,0,0,0,0.00681150910158544,0,0,0,0,0,0,0.0717592592592593,0,0,0,0,0,0.0372750642673522,0,0,0,0,0,0.0325151418552757,0,0,0,0
"ASV225",0,0.00791730811524082,0,0.00446660434195492,0,0,0,0,0,0.00682716492993173,0,0,0,0,0,0,0,0,0.00322455823552173,0,0,0,0,0,0,0,0,0
"ASV971",0.00325274725274725,0,0,0,0,0,0,0,0,0,0,0,0,0,0,0,0,0,0,0,0,0,0,0,0,0,0,0
"ASV365",0,0,0,0,0,0,0,0,0,0,0,0,0,0,0,0,0,0,0,0,0.0322789943227899,0,0,0,0,0,0,0
"ASV155",0,0,0,0,0,0,0,0,0,0,0,0,0,0,0,0,0,0,0,0,0,0,0.0416906820365034,0,0,0,0,0
"ASV469",0,0,0,0,0,0,0,0,0,0,0,0,0,0,0,0.0141652906926219,0,0,0,0,0,0,0,0,0,0,0,0
"ASV17",0,0,0,0,0,0,0,0,0.00945051977858782,0,0,0,0.0364050056882821,0,0,0.0154688450508386,0,0,0.0105765510125113,0,0,0.0100299596196431,0,0,0.00974477958236659,0,0,0.0198124267291911
"ASV591",0,0,0,0,0,0,0,0,0,0,0,0,0,0,0,0,0,0,0,0,0,0,0,0,0.00464037122969838,0,0,0
"ASV211",0.00474725274725275,0,0.0207385461855888,0,0,0,0,0,0,0,0,0,0.0204778156996587,0,0,0,0,0,0,0,0,0,0,0,0.0294663573085847,0,0,0.0232121922626026
"ASV1002",0,0,0,0,0,0,0,0,0,0,0,0.00264550264550265,0,0,0,0,0,0,0,0,0,0,0,0,0,0,0,0
"ASV1090",0,0,0,0,0,0,0,0,0,0,0,0,0,0,0.00294179449464173,0,0,0,0,0,0,0,0,0,0,0,0,0
"ASV684",0,0,0,0,0,0.0124113475177305,0,0.013383521539105,0,0,0,0,0,0,0,0,0,0,0,0,0,0,0,0,0,0,0,0
"ASV1065",0,0.00219925225423356,0,0,0,0,0,0,0,0,0,0,0,0,0,0,0,0,0,0,0,0,0,0,0,0,0,0
"ASV988",0,0,0,0,0,0,0,0.00446117384636833,0,0,0,0,0,0,0,0,0,0,0,0,0,0,0,0,0,0,0,0
"ASV771",0,0,0,0,0,0,0,0,0,0,0,0.00611772486772487,0,0,0,0,0,0,0,0,0,0,0,0,0,0,0,0
"ASV645",0,0,0,0,0,0,0,0,0,0,0,0,0,0,0,0,0,0,0,0,0,0,0,0,0.0121809744779582,0,0,0
"ASV93",0,0,0,0,0,0,0,0,0,0.0163492633848365,0,0,0,0,0,0,0,0,0,0,0,0,0,0,0,0,0,0.0201641266119578
"ASV126",0,0,0,0,0,0,0,0,0,0,0,0.0152116402116402,0,0,0.0142887161168313,0,0,0.0570694087403599,0,0,0,0,0,0,0,0,0,0
"ASV323",0,0.0207829338025071,0.0209501640038091,0.0127765659083827,0,0,0,0,0.0338868637775078,0.0271289974847287,0,0,0,0,0,0.018771182758321,0,0,0,0,0,0.0240979549303113,0,0,0.0139211136890951,0,0,0.0215709261430246
"ASV909",0,0,0,0,0,0,0,0,0,0,0.0074580484773151,0,0,0,0,0,0,0,0,0,0,0,0,0,0,0,0,0
"ASV387",0,0,0,0,0,0,0,0,0,0,0,0,0,0,0,0,0,0,0,0.0274167705180701,0,0,0,0,0,0,0,0
"ASV467",0,0,0,0,0,0,0,0,0,0,0,0,0,0,0,0,0,0,0,0,0,0,0,0,0,0.0345845634753269,0,0
"ASV173",0,0,0,0,0,0.0494842037395229,0,0.0249546912031228,0,0,0,0,0.0155479711793705,0,0,0,0,0,0.0150909325422417,0,0,0,0,0,0,0,0,0
"ASV877",0,0,0,0,0,0,0,0,0,0,0,0,0,0,0,0,0,0,0,0,0,0,0,0,0,0,0,0.00644783118405627
"ASV184",0,0,0,0.0313701049132648,0,0,0,0,0,0,0,0,0,0,0,0,0,0,0,0,0,0,0,0,0,0,0,0
"ASV420",0.0124835164835165,0,0,0,0,0,0,0,0,0,0,0,0,0,0,0,0,0,0,0,0,0,0,0,0,0,0,0
"ASV242",0,0,0,0,0,0,0,0,0,0,0,0,0,0.0117998741346759,0,0,0,0,0,0,0,0,0,0,0,0,0,0
"ASV1016",0,0,0,0,0,0,0,0,0,0,0,0,0,0.00456261799874135,0,0,0,0,0,0,0,0,0,0,0,0,0,0
"ASV278",0.0209230769230769,0,0,0,0.0169113329418673,0,0,0,0,0,0,0,0,0,0,0,0,0,0,0,0,0,0,0,0,0,0,0
"ASV368",0,0.0217725973169123,0,0,0,0,0,0,0,0,0,0.0130621693121693,0,0,0,0,0,0,0,0,0,0,0,0,0,0,0,0
"ASV89",0,0,0,0,0,0,0,0,0,0,0,0,0,0,0,0,0,0,0.0147039855539791,0.0340039166815026,0.0249797242497972,0,0,0.0154075018595261,0,0.0870940531421341,0.0294353223868642,0.0400937866354045
"ASV574",0,0,0,0,0.0113916617733412,0.00725338491295938,0,0.0174264603373763,0.02106115836371,0.0147323032698527,0,0,0.0131462520541019,0,0,0,0.00375722543352601,0,0,0,0,0,0,0,0,0.00442851117671868,0,0
"ASV604",0,0,0,0,0,0,0,0,0,0,0,0,0.00505625079003919,0,0,0,0,0,0,0,0,0,0,0,0,0,0,0
"ASV785",0,0,0,0,0,0,0,0,0,0,0,0,0,0,0,0,0,0,0,0,0,0.00794581216621076,0,0,0,0,0,0
"ASV404",0,0,0,0,0,0.0167633784655061,0,0,0,0,0,0,0,0,0,0,0,0,0,0,0,0,0.0251681075888569,0,0,0,0,0
"ASV506",0,0,0,0,0,0,0,0,0,0,0,0,0,0,0,0,0,0,0.0192183670837095,0,0,0,0,0,0.00881670533642691,0,0,0
"ASV276",0.00545054945054945,0.00846712117879921,0.0053962543646175,0.0194245351615249,0.00728126834997064,0,0.0338240448650543,0.0455876202425763,0.0191710544079924,0,0,0,0.018328909113892,0,0,0.0295472321195794,0,0,0.0139300915774539,0,0,0.00976944118796405,0,0,0.00951276102088167,0,0,0.0216881594372802
"ASV326",0,0,0,0,0,0,0,0,0,0,0,0,0,0,0,0,0,0,0,0,0,0,0.0288184438040346,0,0,0,0,0
"ASV8",0,0,0,0,0,0.0365892972275951,0,0,0,0,0.0518955873213176,0,0,0.039018250471995,0,0,0,0,0,0,0,0,0,0,0,0,0,0
"ASV886",0,0,0,0,0,0,0,0,0,0,0,0,0.00669953229680192,0,0,0,0,0,0,0,0,0,0,0,0,0,0,0
"ASV857",0,0,0,0,0,0,0,0,0.00769542324827866,0,0,0,0,0,0,0,0,0,0,0,0,0,0,0,0,0,0,0
"ASV71",0,0,0.010051846365464,0.00820608704684741,0,0,0.0245355765860498,0,0.0228162548940192,0,0,0,0.0171912526861332,0,0,0.0154688450508386,0,0,0,0,0,0.0224045851243976,0,0,0,0,0,0
"ASV440",0,0,0,0,0,0,0,0,0,0,0,0,0,0.0272183763373191,0,0,0,0,0,0.0261705536763397,0,0,0,0,0,0,0.0246295554665599,0
"ASV118",0,0,0,0,0,0,0,0,0,0,0,0,0,0,0,0,0,0.015681233933162,0,0,0,0,0,0,0,0,0,0
"ASV628",0,0,0,0,0,0,0,0,0,0,0.0142945929148539,0.00355489417989418,0,0,0,0,0,0,0,0,0,0,0,0,0,0,0,0
"ASV50",0,0,0,0,0,0,0,0,0,0,0,0,0,0,0,0,0,0,0,0,0,0,0,0,0,0,0.2336804164998,0
"ASV238",0,0,0,0,0,0,0,0,0,0,0,0,0,0,0,0,0,0,0,0.0240341819476589,0,0,0,0,0,0,0,0
"ASV264",0,0,0.0263464183684266,0.00706346733146359,0,0,0,0,0.00810044552450385,0,0,0,0,0,0,0,0,0,0,0,0,0,0,0,0,0,0,0
"ASV249",0,0.019463382449967,0,0.0106990755167757,0.030064591896653,0,0,0,0,0,0,0,0,0,0,0,0,0,0.0103185863536695,0,0,0,0,0,0,0,0,0
"ASV601",0,0,0,0,0,0,0,0,0,0,0,0,0.0150423461003666,0,0,0,0,0,0,0,0,0,0,0,0,0,0,0
"ASV267",0,0,0,0,0,0,0,0,0,0,0,0,0,0,0.0136583315822652,0,0,0.0083547557840617,0,0,0.00924574209245742,0.00625244236029699,0,0,0,0,0.0224269122947537,0
"ASV1001",0,0,0,0,0,0,0.00560813179109709,0,0,0,0,0,0,0,0,0,0,0,0,0,0,0,0,0,0,0,0,0
"ASV360",0,0.0221024851550473,0.00814728600148133,0,0.0256018790369935,0,0,0,0,0,0,0,0,0,0,0,0,0,0,0,0,0,0,0,0,0,0,0
"ASV108",0,0,0,0,0.0286553141514974,0,0,0,0,0,0.0278123057799876,0.023396164021164,0,0,0,0.0255496654210481,0.0148843930635838,0.0286632390745501,0.0165097381658713,0.0238561509702688,0.0611516626115166,0.0151100690373844,0,0,0.0259860788863109,0,0,0
"ASV917",0,0,0,0,0,0,0,0,0,0,0.00714729645742697,0,0,0,0,0,0,0,0,0,0,0,0,0,0,0,0,0
"ASV375",0,0,0,0,0,0,0,0,0,0,0,0,0,0,0,0,0,0,0,0.035072102545843,0,0,0,0,0,0,0,0
"ASV638",0,0,0,0,0,0,0,0,0,0,0,0,0,0.00833857772183763,0,0,0,0,0,0,0,0,0,0,0,0,0,0
"ASV1012",0,0,0,0,0,0,0,0,0,0,0,0,0.00214890658576665,0,0,0,0,0,0,0,0,0,0,0,0,0,0,0
"ASV311",0,0,0,0,0,0,0,0,0,0,0.00823492852703543,0,0,0.0078665827564506,0,0,0.00751445086705202,0,0,0,0,0,0.0122958693563881,0,0,0,0,0.005978898007034
"ASV228",0,0,0,0,0,0,0,0,0,0,0,0,0.00922765769182151,0,0,0.0234639784479013,0,0,0,0,0,0,0,0,0,0,0,0
"ASV1011",0,0,0,0,0,0,0,0,0,0,0,0,0,0,0,0,0.00202312138728324,0,0,0.00534092932170198,0,0,0,0,0,0,0,0
"ASV52",0.0457142857142857,0.0164943919067517,0,0,0,0,0.0848229933403435,0,0,0,0,0,0,0,0,0,0,0,0,0,0,0,0,0,0.0263341067285383,0.0215099114297765,0,0.013599062133646
"ASV177",0,0,0,0,0,0.0493230174081238,0,0,0,0,0,0,0,0,0,0,0,0.03573264781491,0,0,0,0,0,0,0,0,0,0
"ASV1112",0,0,0,0,0,0,0,0,0,0,0,0,0,0,0.00042025635637739,0,0,0,0,0,0,0,0,0,0,0,0,0
"ASV575",0,0,0,0,0,0,0,0,0,0,0,0,0,0,0,0,0,0,0,0,0.0202757502027575,0,0,0,0,0,0,0
"ASV541",0,0,0,0,0,0,0,0,0,0,0,0,0,0,0,0,0,0,0,0,0,0,0,0,0,0,0,0.0148886283704572
"ASV669",0.00378021978021978,0,0.0102634641836843,0,0,0,0,0,0.0133657351154313,0,0,0,0,0,0,0,0,0,0,0,0,0,0,0,0,0,0,0
"ASV239",0.0229450549450549,0,0,0,0,0,0,0,0,0,0,0,0,0,0,0,0,0,0,0,0,0,0,0,0,0,0,0
"ASV689",0,0,0,0,0,0,0,0,0,0,0,0,0.0055618758690431,0,0,0,0,0,0,0,0,0,0,0,0,0,0,0
"ASV1099",0,0,0,0,0,0,0,0,0,0,0,0,0,0,0,0,0,0,0,0,0.00129764801297648,0,0,0,0,0,0,0
"ASV524",0,0,0,0,0,0,0,0,0,0,0,0,0,0,0,0,0,0,0,0,0,0,0,0.0153012432260121,0,0,0,0
"ASV301",0,0,0,0,0,0,0,0,0.0170109356014581,0,0,0.0139715608465608,0,0,0,0,0.0312138728323699,0,0,0,0,0,0,0,0,0,0,0
"ASV707",0,0,0,0,0,0,0,0,0,0,0,0,0,0,0,0,0,0,0.0114794273184574,0,0,0,0,0,0,0,0,0
"ASV86",0.0117802197802198,0,0.0168236165485134,0.0492365222810845,0.00786846741045214,0,0,0,0.0184960172809505,0.0154509522098455,0,0,0,0,0,0.0719562005735639,0,0,0.0469495679091964,0,0,0.0135469584473101,0,0,0.0222737819025522,0,0,0.0301289566236811
"ASV138",0.0210989010989011,0,0,0.010491326477615,0,0,0,0,0,0,0,0,0,0,0,0,0,0,0,0,0,0,0,0,0,0,0,0
"ASV821",0,0,0,0,0,0.0104771115409413,0,0,0,0,0,0,0.00417140690178233,0,0,0,0,0,0,0,0,0,0,0,0,0,0,0
"ASV279",0,0,0,0,0,0.0130560928433269,0,0,0,0,0,0,0,0,0,0,0,0,0,0,0,0,0,0,0,0,0,0
"ASV38",0.0107252747252747,0.0475038486914449,0,0,0.0865531415149736,0.104448742746615,0,0.082113481109717,0,0,0,0,0,0,0,0.0226818458329712,0,0,0,0,0,0,0,0,0,0,0,0
"ASV342",0,0,0,0,0,0,0,0,0,0,0,0,0,0,0,0,0,0,0,0,0,0,0.00422670509125841,0,0,0,0,0
"ASV273",0.0212747252747253,0,0.0132261136387684,0,0.0257193188490898,0,0.011391517700666,0,0,0,0,0,0,0,0,0.00703919353437038,0,0,0,0,0,0,0,0,0,0,0,0
"ASV269",0,0,0,0,0.02889019377569,0,0,0,0,0,0,0,0,0,0,0,0,0,0,0,0,0,0,0,0,0,0,0
"ASV426",0.0158241758241758,0,0,0,0,0,0,0,0,0.0251527128997485,0,0,0,0,0,0,0,0,0,0,0,0,0,0,0,0,0,0
"ASV272",0,0.0186936441609853,0.0110041265474553,0.00602472213566012,0,0,0,0.0246758678377248,0.0174159578776833,0,0,0,0,0,0,0.00599635004779699,0,0,0.0251515542370695,0,0,0.0151100690373844,0,0,0.0136890951276102,0,0,0.0320046893317702
"ASV500",0,0,0,0,0,0,0,0,0,0,0.0150714729645743,0,0,0.0276903713027061,0,0,0,0,0,0,0,0,0,0.00244394857082138,0,0,0,0
"ASV817",0,0,0,0,0,0,0,0,0,0,0,0,0,0,0.0138684597604539,0,0,0,0,0,0,0,0,0,0,0,0,0
"ASV150",0.0288351648351648,0,0,0,0,0,0,0,0,0,0,0,0,0,0,0,0,0,0,0,0,0,0,0,0,0,0,0
"ASV215",0,0,0,0,0,0,0,0,0,0.0158102766798419,0,0,0,0,0,0,0,0,0,0,0.0381184103811841,0,0,0,0,0,0,0
"ASV55",0,0,0,0,0,0,0,0,0,0,0,0,0,0,0,0,0,0,0,0,0,0,0,0,0,0,0,0.0593200468933177
"ASV555",0,0,0.0137551581843191,0,0,0,0,0,0.0141757796678817,0,0,0,0,0,0,0,0,0,0,0,0,0,0,0,0,0,0,0
"ASV718",0,0,0,0,0,0,0,0,0,0,0,0,0,0.013687853996224,0,0,0,0,0,0,0,0,0,0,0,0,0,0
"ASV43",0,0.0344182977787552,0,0,0,0,0,0,0,0.0673733381243263,0,0.0103339947089947,0,0.0453115166771554,0.0819499894935911,0,0,0.034318766066838,0,0,0.0321167883211679,0,0,0,0,0,0.0778934721665999,0
"ASV159",0.0223296703296703,0,0.0261348005502063,0.0151656798587307,0,0,0,0,0.0384771162413933,0.0456342076895437,0,0,0.0223739097459234,0,0,0.0291996176240549,0,0,0,0,0,0.0333463592549173,0,0,0,0,0,0
"ASV430",0,0,0,0,0,0,0,0,0,0,0,0,0,0,0,0,0,0,0,0,0,0,0,0.00541919030921262,0,0,0,0
"ASV596",0,0,0,0,0,0,0,0,0,0,0,0.00586970899470899,0,0,0,0,0,0,0,0,0,0,0,0,0,0,0,0
"ASV435",0,0,0.0186223680033859,0,0,0,0,0,0,0,0,0,0,0,0,0,0,0,0,0,0,0,0,0,0.0160092807424594,0,0,0
"ASV943",0,0,0,0,0,0,0,0,0,0,0.00637041640770665,0,0,0,0,0,0,0,0,0,0,0,0,0,0,0,0,0
"ASV908",0,0,0,0,0,0,0,0,0,0,0,0,0,0,0.00987602437486867,0,0,0,0,0,0,0,0,0,0,0,0,0
"ASV577",0,0,0,0,0,0,0,0,0,0.00988142292490119,0,0,0,0.00361862806796728,0.0109266652658121,0,0,0,0,0,0.0139497161394972,0,0,0,0,0,0.0250300360432519,0
"ASV304",0,0,0,0,0,0,0,0,0,0,0,0,0,0,0.046858583736079,0,0,0,0,0,0,0,0,0,0,0,0,0
"ASV576",0,0,0,0,0,0,0,0,0,0,0,0,0,0,0,0,0,0,0,0,0,0,0,0.0132823291892466,0,0,0,0
"ASV523",0,0,0,0,0,0,0.0359270942867157,0,0,0,0,0,0,0,0,0,0,0,0,0,0,0,0,0,0,0,0,0
"ASV275",0,0,0,0,0,0,0,0.0361076258190436,0,0.0353934602946461,0,0,0,0,0,0.02103067697923,0,0,0,0,0,0,0,0,0,0,0,0
"ASV571",0,0,0,0,0,0,0,0,0,0,0,0,0,0,0,0,0,0,0,0,0,0,0,0,0,0.0265710670603121,0,0
"ASV920",0,0,0,0,0,0,0,0,0,0,0,0,0,0,0,0,0,0.00167095115681234,0,0,0,0,0,0,0,0,0,0
"ASV868",0,0,0,0,0,0,0,0,0,0,0,0,0.00707875110605486,0,0,0,0,0,0,0,0,0,0,0,0,0,0,0
"ASV384",0,0,0,0,0,0.0311089619600258,0,0,0,0,0,0,0,0,0,0,0,0,0,0,0,0,0,0,0,0,0,0
"ASV1106",0.000351648351648352,0,0,0,0,0,0,0,0,0,0,0,0,0,0,0,0,0,0,0,0,0,0,0,0,0,0,0
"ASV752",0,0,0,0,0,0,0,0,0,0,0,0,0,0,0,0,0.0111271676300578,0,0,0,0,0,0,0,0,0,0,0
"ASV489",0,0.0171541675830218,0,0,0,0,0,0,0,0,0,0,0,0,0,0,0,0,0,0,0,0,0,0,0,0,0,0
"ASV687",0,0,0,0,0,0,0,0,0,0,0,0,0,0,0,0,0.013728323699422,0,0,0,0,0,0,0,0,0,0,0
"ASV519",0,0,0,0,0,0,0,0,0,0,0,0,0,0.00692259282567653,0,0,0,0,0,0,0,0,0,0.0155137604930401,0,0,0,0
"ASV142",0,0,0,0,0,0,0,0,0,0,0,0.0279431216931217,0,0,0,0,0,0,0,0,0,0,0,0.0337902454574434,0,0,0,0
"ASV399",0,0,0,0,0,0,0,0,0,0,0,0,0,0,0,0,0,0,0,0,0.0304947283049473,0,0,0,0,0,0,0
"ASV129",0,0,0,0,0,0,0,0.0100376411543287,0,0,0,0,0.0132726583238529,0,0,0,0,0,0.00709402811814781,0,0.00551500405515004,0,0,0,0.00208816705336427,0,0,0
"ASV662",0,0,0,0,0,0,0,0,0,0,0,0.00314153439153439,0,0,0,0,0,0,0,0,0,0,0,0,0,0,0,0
"ASV203",0,0,0,0,0,0,0,0.00794646591384358,0,0,0,0.00322420634920635,0,0,0,0,0,0,0,0,0,0,0,0,0,0,0,0
"ASV668",0,0,0,0,0,0,0.0378548895899054,0,0,0,0,0,0,0,0,0,0,0,0,0,0,0,0,0,0,0,0,0
"ASV592",0,0,0,0,0,0,0,0,0,0,0,0,0,0,0,0,0,0,0,0,0,0,0,0,0,0,0,0.0022274325908558
"ASV978",0,0,0,0.00373948270489249,0,0,0,0,0,0,0,0,0,0,0,0,0,0,0,0,0,0,0,0,0,0,0,0
"ASV58",0,0,0,0,0,0,0,0,0,0,0,0,0,0,0.11430972893465,0,0,0.0241645244215938,0,0,0.0650446066504461,0.0272241761104598,0,0.0224205716714483,0,0,0,0
"ASV713",0,0,0,0,0,0,0,0,0,0,0.0136730888750777,0,0,0,0,0,0,0,0,0,0,0,0,0,0,0,0,0
"ASV934",0,0,0,0,0,0,0,0,0,0,0.00668116842759478,0,0,0,0,0,0,0,0,0,0,0,0,0,0,0,0,0
"ASV690",0,0,0.00909956618347265,0,0,0,0,0,0,0,0,0,0.00366578182277841,0,0,0.00816894064482489,0,0,0,0,0,0,0,0,0,0,0,0
"ASV6",0.00650549450549451,0.0153947657796349,0,0.0112184481146775,0.0159718144450969,0,0,0.00348529206747525,0.00432023761306872,0,0.181013051584835,0,0.00455062571103527,0.0544367526746381,0,0.0120796037194751,0.0570809248554913,0,0,0.0795798468933594,0,0,0.1164265129683,0,0.00533642691415313,0.0790805567271194,0.00740889066880256,0.0256740914419695
"ASV325",0,0,0,0.0172431702503376,0,0,0,0,0,0,0,0,0.0136518771331058,0,0,0.0102546276179717,0,0,0.0217980136721269,0,0,0.00573140549693891,0,0,0,0,0,0.0253223915592028
"ASV791",0,0,0,0,0,0,0,0,0,0,0,0,0.00897484515231955,0,0,0,0,0,0,0,0,0,0,0,0,0,0,0
"ASV1082",0.00140659340659341,0,0,0,0,0,0,0,0,0,0,0,0,0,0,0,0,0,0,0,0,0,0,0,0,0,0,0
"ASV466",0,0,0,0,0,0,0,0,0,0,0,0.0135582010582011,0,0,0,0,0,0,0,0,0,0,0,0,0,0,0,0
"ASV1056",0,0,0.00232779600042324,0,0,0,0,0,0,0,0,0,0,0,0,0,0,0,0,0,0,0,0,0,0,0,0,0
"ASV98",0,0,0,0,0,0,0,0,0,0,0,0,0,0,0,0,0,0.0497429305912596,0,0,0,0,0,0.0121134842205929,0,0,0,0
"ASV829",0,0,0,0,0,0,0,0,0,0,0,0,0,0,0,0,0,0.00655526992287918,0,0,0,0,0,0,0,0,0,0
"ASV313",0,0,0,0,0,0,0,0,0,0,0,0,0,0.0229704216488357,0,0,0,0,0,0,0,0,0,0,0,0,0,0
"ASV456",0.0192527472527473,0.016054541455905,0,0,0,0,0,0,0,0,0,0,0.0294526608519783,0,0,0,0,0,0,0,0,0,0,0,0,0,0,0
"ASV257",0,0,0,0,0,0,0,0,0,0,0,0,0,0.039647577092511,0,0,0,0,0,0.0078333630051629,0,0,0,0,0,0,0,0
"ASV635",0.00949450549450549,0,0,0,0,0,0,0,0,0,0,0,0,0,0,0,0,0,0,0,0,0,0,0,0,0,0,0
"ASV505",0,0,0,0,0,0,0,0,0,0,0,0,0,0,0.0313090985501156,0,0,0,0,0,0.0089213300892133,0,0,0,0,0,0,0
"ASV234",0,0,0,0,0,0,0,0,0,0,0,0,0,0,0,0,0,0,0,0,0,0,0.0153698366954851,0,0,0,0,0
"ASV451",0,0,0,0,0,0,0,0,0,0,0,0,0,0,0,0,0,0,0,0,0,0.022013807476879,0,0,0,0,0,0
"ASV839",0,0,0,0,0,0,0,0,0,0,0,0,0,0,0,0,0.00895953757225434,0,0,0.00320455759302119,0,0,0,0,0,0,0,0
"ASV1042",0,0,0,0,0,0,0,0,0,0,0,0,0,0,0,0,0,0,0,0,0,0,0,0,0.00290023201856148,0,0,0
"ASV479",0,0,0,0,0,0,0,0,0,0,0,0,0,0,0,0.0139045798209785,0,0,0.0127692506126661,0,0,0,0,0,0.011368909512761,0,0,0
"ASV13",0.0269010989010989,0.0116560369474379,0.0237011956406729,0.0132959385062844,0,0,0,0.0376411543287327,0.073039017145943,0.0287459575997125,0,0,0.0332448489445076,0,0,0.0183366646389154,0,0,0.0232168192957565,0,0,0.0291780643480526,0,0,0.032830626450116,0,0,0.0474794841735053
"ASV158",0,0,0,0,0,0,0,0,0,0,0,0,0,0,0,0,0,0,0,0,0,0.0422039859320047,0,0,0,0,0,0
"ASV944",0,0,0,0,0,0,0,0,0,0,0,0,0,0,0,0,0.00592485549132948,0,0,0,0,0,0,0,0,0,0,0
"ASV166",0,0,0,0,0,0,0,0.00850411264463962,0,0,0.0141392169049099,0,0,0,0,0,0,0,0,0.00302652661563112,0,0,0,0,0,0,0,0
"ASV636",0.00949450549450549,0,0,0,0,0,0,0,0,0,0,0,0,0,0,0,0,0,0,0,0,0,0,0,0,0,0,0
"ASV1083",0,0,0,0,0,0,0,0,0,0,0.00248601615910503,0,0,0,0,0,0,0,0,0,0,0,0,0,0,0,0,0
"ASV838",0,0,0.00412654745529574,0,0,0,0,0,0,0,0,0.00512566137566138,0,0,0,0,0,0,0,0,0,0,0,0,0,0,0,0
"ASV769",0.00650549450549451,0.00219925225423356,0,0,0,0,0,0,0,0.00952209845490478,0,0,0,0,0,0,0,0,0,0,0,0,0,0,0,0,0,0
"ASV447",0,0,0,0.0177625428482393,0.0180857310628303,0,0,0.0296946884148892,0,0,0,0,0,0,0,0,0,0,0,0,0,0,0,0,0,0,0,0
"ASV170",0.0315604395604396,0,0,0.0446660434195492,0.0414562536699941,0,0,0,0,0.0222781171397772,0,0,0,0,0,0.0118188928478318,0,0,0.0318586353669547,0,0,0,0,0,0.0254060324825986,0,0,0.0201641266119578
"ASV64",0,0,0,0,0,0,0,0.0117105813467169,0,0,0,0,0,0,0,0,0,0,0,0,0,0,0,0,0,0,0,0.0547479484173505
"ASV653",0,0,0,0,0,0,0,0,0,0,0,0,0,0,0,0,0,0.0070694087403599,0,0.0183371906711768,0,0,0,0,0,0,0,0
"ASV63",0.00782417582417582,0,0,0,0,0,0,0,0,0.0127560186848724,0,0,0,0,0,0,0,0,0.0264413775312782,0,0,0.0177152533541748,0,0,0.0147331786542923,0,0,0.017936694021102
"ASV298",0,0.0156146910050583,0,0.0224368962293549,0,0,0,0,0,0,0,0,0,0,0,0.0108629529851395,0,0,0.0117373919772991,0,0,0.0101602188354826,0,0,0.0110208816705336,0,0,0.0264947245017585
"ASV199",0,0,0,0,0,0,0,0,0,0,0.0295214418893723,0.0015707671957672,0,0.0176211453744493,0,0,0,0,0,0,0,0,0.0182516810758886,0,0,0.0415436524673134,0,0
"ASV66",0,0,0,0,0.00458015267175573,0,0,0,0,0,0,0,0,0,0,0,0,0,0,0,0,0,0,0,0,0,0,0
"ASV157",0,0.0301297558829998,0.00444397418262618,0,0.00892542571931885,0.00145067698259188,0,0,0,0,0,0,0,0,0,0.0281567741374815,0,0,0,0,0,0,0,0,0,0,0,0
"ASV84",0,0.0265009896635144,0.00984022854724368,0,0.021491485613623,0,0,0,0,0,0,0,0,0,0,0,0,0,0,0,0,0,0,0,0,0,0,0
"ASV459",0,0,0,0,0,0,0,0,0,0,0,0,0,0,0,0,0,0,0,0,0,0,0,0.00765062161300606,0,0,0,0
"ASV816",0,0,0,0,0,0,0,0,0,0,0.0104101926662523,0,0,0,0,0,0,0,0,0,0,0,0,0,0,0,0,0
"ASV31",0,0,0.0121680245476669,0.0603510958761816,0,0,0.0257623554153523,0,0.0360469825840421,0,0,0,0.0145367210213627,0,0,0,0,0,0,0,0,0,0,0,0,0,0,0
"ASV504",0,0,0,0,0.00728126834997064,0,0.0261128636522958,0,0,0,0,0,0,0,0,0.0119057964717129,0,0,0,0,0,0,0,0,0,0,0,0
